ObjectName,Scene,Parent,Level,Type,Layer,Active,Position,Rotation,Scale,InView,HasRenderer,HasCollider,Components
Environment/====== LIGHTS ======,BigMirrorEnvironment,Environment,1,Empty,Default,False,"[0.000,0.000,0.000]","[0.000,0.000,0.000]","[1.000,1.000,1.000]",False,False,False,Transform
Environment/====== DYNAMIC ======,BigMirrorEnvironment,Environment,1,Empty,Default,False,"[0.000,0.000,0.000]","[0.000,0.000,0.000]","[1.000,1.000,1.000]",False,False,False,Transform
Environment/DecoratorContext,BigMirrorEnvironment,Environment,1,Empty,Default,False,"[0.000,0.000,0.000]","[0.000,0.000,0.000]","[1.000,1.000,1.000]",False,False,False,Transform|SceneDecoratorContext
Environment/SceneSetup,BigMirrorEnvironment,Environment,1,Empty,Environment,False,"[0.000,0.000,0.000]","[0.000,0.000,0.000]","[1.000,1.000,1.000]",False,False,False,Transform|EnvironmentSceneSetup
Environment/Floor/FloorSetDepth,BigMirrorEnvironment,Environment/Floor,2,Mesh,Water,False,"[0.000,0.000,7.500]","[0.000,0.000,0.000]","[1.000,1.000,1.000]",True,True,False,Transform|MeshFilter|MeshRenderer|DisableWhenMirrorIsEnabled
Environment/Floor,BigMirrorEnvironment,Environment,1,Mesh,Water,False,"[0.000,0.000,7.500]","[0.000,0.000,0.000]","[1.000,1.000,1.000]",True,True,False,Transform|MeshFilter|MeshRenderer|Mirror|DuplicateMirrorForReflectionProbe
Environment/====== STATIC ======,BigMirrorEnvironment,Environment,1,Empty,Default,False,"[0.000,0.000,0.000]","[0.000,0.000,0.000]","[1.000,1.000,1.000]",False,False,False,Transform
Environment,BigMirrorEnvironment,None,0,Empty,Environment,False,"[0.000,0.000,0.000]","[0.000,0.000,0.000]","[1.000,1.000,1.000]",False,False,False,Transform|BloomFogEnvironment
Environment/Construction,BigMirrorEnvironment,Environment,1,Mesh,Default,False,"[0.000,0.000,0.000]","[0.000,0.000,0.000]","[1.000,1.000,1.000]",False,True,False,Transform|MeshFilter|MeshRenderer
Environment/GradientBackground,BigMirrorEnvironment,Environment,1,Empty,NeonLight,False,"[0.000,0.000,0.000]","[0.000,0.000,0.000]","[1.000,1.000,1.000]",False,False,False,Transform|BloomPrePassBackgroundColorsGradient|BloomPrePassBackgroundColorsGradientFromColorSchemeColors
Environment/CoreLighting/LightWrapper1/DirectionalLight,BigMirrorEnvironment,Environment/CoreLighting/LightWrapper1,3,Empty,Default,False,"[0.000,5.000,40.000]","[4.000,145.000,180.000]","[1.000,1.000,1.000]",True,False,False,Transform|DirectionalLight|DirectionalLightWithIds
Environment/CoreLighting/LightWrapper0/DirectionalLight,BigMirrorEnvironment,Environment/CoreLighting/LightWrapper0,3,Empty,Default,False,"[0.000,5.000,40.000]","[4.000,215.000,180.000]","[1.000,1.000,1.000]",True,False,False,Transform|DirectionalLight|DirectionalLightWithIds
Environment/BasicGameHUD/RightPanel/MultiplierCanvas/BGCircle,BigMirrorEnvironment,Environment/BasicGameHUD/RightPanel/MultiplierCanvas,4,Empty,UI,False,"[3.200,1.700,7.000]","[0.000,0.000,0.000]","[1.000,1.000,1.000]",True,False,False,RectTransform|CanvasRenderer|ImageView
Environment/BasicGameHUD/LeftPanel/ScoreCanvas/ImmediateRankText,BigMirrorEnvironment,Environment/BasicGameHUD/LeftPanel/ScoreCanvas,4,Empty,UI,False,"[-3.200,0.890,7.000]","[0.000,0.000,0.000]","[1.000,1.000,1.000]",True,False,False,RectTransform|CanvasRenderer|CurvedTextMeshPro
Environment/RotatingLasersPair (2)/BaseR,BigMirrorEnvironment,Environment/RotatingLasersPair (2),2,Empty,NeonLight,False,"[8.000,0.000,45.000]","[0.000,0.000,0.000]","[1.000,1.000,1.000]",True,False,False,Transform
Environment/RotatingLasersPair (1)/BaseR,BigMirrorEnvironment,Environment/RotatingLasersPair (1),2,Empty,NeonLight,False,"[8.000,0.000,40.000]","[0.000,0.000,0.000]","[1.000,1.000,1.000]",True,False,False,Transform
Environment/RotatingLasersPair (3)/BaseR,BigMirrorEnvironment,Environment/RotatingLasersPair (3),2,Empty,NeonLight,False,"[8.000,0.000,50.000]","[0.000,0.000,0.000]","[1.000,1.000,1.000]",True,False,False,Transform
Environment/RotatingLasersPair/BaseR,BigMirrorEnvironment,Environment/RotatingLasersPair,2,Empty,NeonLight,False,"[8.000,0.000,35.000]","[0.000,0.000,0.000]","[1.000,1.000,1.000]",True,False,False,Transform
Environment/BasicGameHUD/RightPanel/MultiplierCanvas,BigMirrorEnvironment,Environment/BasicGameHUD/RightPanel,3,Empty,UI,False,"[3.200,1.700,7.000]","[0.000,0.000,0.000]","[0.010,0.010,0.010]",True,False,False,RectTransform|Canvas|Animator|ScoreMultiplierUIController
Environment/BackColumns/BackColumnNeon/BoxLight,BigMirrorEnvironment,Environment/BackColumns/BackColumnNeon,3,Mesh,Environment,False,"[3.000,0.239,-19.100]","[340.000,0.000,0.000]","[0.100,50.000,0.100]",False,True,False,Transform|MeshRenderer|MeshFilter|ParametricBoxController
Environment/BasicGameHUD/RightPanel/MultiplierCanvas/TextPanel/NumText,BigMirrorEnvironment,Environment/BasicGameHUD/RightPanel/MultiplierCanvas/TextPanel,5,Empty,UI,False,"[2.987,1.642,7.000]","[0.000,0.000,0.000]","[1.000,1.000,1.000]",True,False,False,RectTransform|CanvasRenderer|CurvedTextMeshPro
Environment/BasicGameHUD/LeftPanel/ScoreCanvas/ScoreText,BigMirrorEnvironment,Environment/BasicGameHUD/LeftPanel/ScoreCanvas,4,Empty,UI,False,"[-3.200,1.300,7.000]","[0.000,0.000,0.000]","[1.000,1.000,1.000]",True,False,False,RectTransform|CanvasRenderer|CurvedTextMeshPro|ScoreUIController
Environment/DoubleColorLaser (1)/TopBoxLight,BigMirrorEnvironment,Environment/DoubleColorLaser (1),2,Mesh,NeonLight,False,"[28.695,119.710,88.214]","[359.289,342.582,344.962]","[0.050,125.000,0.050]",False,True,False,Transform|MeshRenderer|MeshFilter|ParametricBoxController
Environment/DoubleColorLaser (8)/TopBoxLight,BigMirrorEnvironment,Environment/DoubleColorLaser (8),2,Mesh,NeonLight,False,"[-28.695,119.710,48.344]","[359.289,17.418,15.038]","[0.050,125.000,0.050]",False,True,False,Transform|MeshRenderer|MeshFilter|ParametricBoxController
Environment/DoubleColorLaser (9)/TopBoxLight,BigMirrorEnvironment,Environment/DoubleColorLaser (9),2,Mesh,NeonLight,False,"[28.695,119.710,48.344]","[359.289,342.582,344.962]","[0.050,125.000,0.050]",False,True,False,Transform|MeshRenderer|MeshFilter|ParametricBoxController
Environment/DoubleColorLaser/TopBoxLight,BigMirrorEnvironment,Environment/DoubleColorLaser,2,Mesh,NeonLight,False,"[-28.695,119.710,88.214]","[359.289,17.418,15.038]","[0.050,125.000,0.050]",False,True,False,Transform|MeshRenderer|MeshFilter|ParametricBoxController
Environment/DoubleColorLaser (3)/TopBoxLight,BigMirrorEnvironment,Environment/DoubleColorLaser (3),2,Mesh,NeonLight,False,"[28.695,119.710,78.246]","[359.289,342.582,344.962]","[0.050,125.000,0.050]",False,True,False,Transform|MeshRenderer|MeshFilter|ParametricBoxController
Environment/DoubleColorLaser (7)/TopBoxLight,BigMirrorEnvironment,Environment/DoubleColorLaser (7),2,Mesh,NeonLight,False,"[28.695,119.710,58.311]","[359.289,342.582,344.962]","[0.050,125.000,0.050]",False,True,False,Transform|MeshRenderer|MeshFilter|ParametricBoxController
Environment/DoubleColorLaser (4)/TopBoxLight,BigMirrorEnvironment,Environment/DoubleColorLaser (4),2,Mesh,NeonLight,False,"[-28.695,119.710,68.279]","[359.289,17.418,15.038]","[0.050,125.000,0.050]",False,True,False,Transform|MeshRenderer|MeshFilter|ParametricBoxController
Environment/DoubleColorLaser (2)/TopBoxLight,BigMirrorEnvironment,Environment/DoubleColorLaser (2),2,Mesh,NeonLight,False,"[-28.695,119.710,78.246]","[359.289,17.418,15.038]","[0.050,125.000,0.050]",False,True,False,Transform|MeshRenderer|MeshFilter|ParametricBoxController
Environment/DoubleColorLaser (5)/TopBoxLight,BigMirrorEnvironment,Environment/DoubleColorLaser (5),2,Mesh,NeonLight,False,"[28.695,119.710,68.279]","[359.289,342.582,344.962]","[0.050,125.000,0.050]",False,True,False,Transform|MeshRenderer|MeshFilter|ParametricBoxController
Environment/DoubleColorLaser (6)/TopBoxLight,BigMirrorEnvironment,Environment/DoubleColorLaser (6),2,Mesh,NeonLight,False,"[-28.695,119.710,58.311]","[359.289,17.418,15.038]","[0.050,125.000,0.050]",False,True,False,Transform|MeshRenderer|MeshFilter|ParametricBoxController
Environment/RotatingLasersPair,BigMirrorEnvironment,Environment,1,Empty,NeonLight,False,"[0.000,0.000,35.000]","[0.000,0.000,0.000]","[1.000,1.000,1.000]",True,False,False,Transform|LightPairRotationEventEffect
Environment/RotatingLasersPair (3),BigMirrorEnvironment,Environment,1,Empty,NeonLight,False,"[0.000,0.000,50.000]","[0.000,0.000,0.000]","[1.000,1.000,1.000]",True,False,False,Transform|LightPairRotationEventEffect
Environment/RotatingLasersPair (1),BigMirrorEnvironment,Environment,1,Empty,NeonLight,False,"[0.000,0.000,40.000]","[0.000,0.000,0.000]","[1.000,1.000,1.000]",True,False,False,Transform|LightPairRotationEventEffect
Environment/RotatingLasersPair (2),BigMirrorEnvironment,Environment,1,Empty,NeonLight,False,"[0.000,0.000,45.000]","[0.000,0.000,0.000]","[1.000,1.000,1.000]",True,False,False,Transform|LightPairRotationEventEffect
Environment/BasicGameHUD/EnergyPanel/EnergyIconFull,BigMirrorEnvironment,Environment/BasicGameHUD/EnergyPanel,3,Empty,UI,False,"[1.140,-0.640,7.750]","[0.000,0.000,0.000]","[1.000,1.000,1.000]",True,False,False,RectTransform|CanvasRenderer|ImageView
Environment/BasicGameHUD/LeftPanel/ComboPanel/ComboCanvas/NumText,BigMirrorEnvironment,Environment/BasicGameHUD/LeftPanel/ComboPanel/ComboCanvas,5,Empty,UI,False,"[-3.200,1.870,7.000]","[0.000,0.000,0.000]","[1.000,1.000,1.000]",True,False,False,RectTransform|CanvasRenderer|CurvedTextMeshPro
Environment/LightEffects,BigMirrorEnvironment,Environment,1,Empty,Environment,False,"[0.000,0.000,0.000]","[0.000,0.000,0.000]","[1.000,1.000,1.000]",False,False,False,Transform|LightSwitchEventEffect|LightSwitchEventEffect|LightSwitchEventEffect|LightSwitchEventEffect|LightSwitchEventEffect
Environment/RotatingLasersPair/BaseL,BigMirrorEnvironment,Environment/RotatingLasersPair,2,Empty,NeonLight,False,"[-8.000,0.000,35.000]","[0.000,0.000,0.000]","[1.000,1.000,1.000]",True,False,False,Transform
Environment/RotatingLasersPair (3)/BaseL,BigMirrorEnvironment,Environment/RotatingLasersPair (3),2,Empty,NeonLight,False,"[-8.000,0.000,50.000]","[0.000,0.000,0.000]","[1.000,1.000,1.000]",True,False,False,Transform
Environment/RotatingLasersPair (1)/BaseL,BigMirrorEnvironment,Environment/RotatingLasersPair (1),2,Empty,NeonLight,False,"[-8.000,0.000,40.000]","[0.000,0.000,0.000]","[1.000,1.000,1.000]",True,False,False,Transform
Environment/RotatingLasersPair (2)/BaseL,BigMirrorEnvironment,Environment/RotatingLasersPair (2),2,Empty,NeonLight,False,"[-8.000,0.000,45.000]","[0.000,0.000,0.000]","[1.000,1.000,1.000]",True,False,False,Transform
Environment/BasicGameHUD/LeftPanel/ScoreCanvas/RelativeScoreText,BigMirrorEnvironment,Environment/BasicGameHUD/LeftPanel/ScoreCanvas,4,Empty,UI,False,"[-3.200,0.952,7.000]","[0.000,0.000,0.000]","[1.000,1.000,1.000]",True,False,False,RectTransform|CanvasRenderer|CurvedTextMeshPro
Environment/BasicGameHUD/RightPanel/MultiplierCanvas/TextPanel,BigMirrorEnvironment,Environment/BasicGameHUD/RightPanel/MultiplierCanvas,4,Empty,UI,False,"[3.187,1.642,7.000]","[0.000,0.000,0.000]","[1.000,1.000,1.000]",True,False,False,RectTransform
Environment/BackColumns/BackColumnNeon/BakedBloom,BigMirrorEnvironment,Environment/BackColumns/BackColumnNeon,3,Mesh,Environment,False,"[-3.000,0.239,-19.100]","[20.000,180.000,0.000]","[1.000,1.000,1.000]",False,True,False,Transform|MeshRenderer|MeshFilter|Parametric3SliceSpriteController
Environment/DoubleColorLaser (5)/BottomBakedBloom,BigMirrorEnvironment,Environment/DoubleColorLaser (5),2,Mesh,NeonLight,False,"[-2.700,-1.000,60.000]","[359.289,342.582,344.962]","[1.000,1.000,1.000]",True,True,False,Transform|MeshRenderer|MeshFilter|Parametric3SliceSpriteController
Environment/DoubleColorLaser (6)/BottomBakedBloom,BigMirrorEnvironment,Environment/DoubleColorLaser (6),2,Mesh,NeonLight,False,"[2.700,-1.000,50.033]","[359.289,17.418,15.038]","[1.000,1.000,1.000]",True,True,False,Transform|MeshRenderer|MeshFilter|Parametric3SliceSpriteController
Environment/DoubleColorLaser (4)/BottomBakedBloom,BigMirrorEnvironment,Environment/DoubleColorLaser (4),2,Mesh,NeonLight,False,"[2.700,-1.000,60.000]","[359.289,17.418,15.038]","[1.000,1.000,1.000]",True,True,False,Transform|MeshRenderer|MeshFilter|Parametric3SliceSpriteController
Environment/DoubleColorLaser (2)/BottomBakedBloom,BigMirrorEnvironment,Environment/DoubleColorLaser (2),2,Mesh,NeonLight,False,"[2.700,-1.000,69.967]","[359.289,17.418,15.038]","[1.000,1.000,1.000]",True,True,False,Transform|MeshRenderer|MeshFilter|Parametric3SliceSpriteController
Environment/DoubleColorLaser (7)/BottomBakedBloom,BigMirrorEnvironment,Environment/DoubleColorLaser (7),2,Mesh,NeonLight,False,"[-2.700,-1.000,50.033]","[359.289,342.582,344.962]","[1.000,1.000,1.000]",True,True,False,Transform|MeshRenderer|MeshFilter|Parametric3SliceSpriteController
Environment/DoubleColorLaser/BottomBakedBloom,BigMirrorEnvironment,Environment/DoubleColorLaser,2,Mesh,NeonLight,False,"[2.700,-1.000,79.935]","[359.289,17.418,15.038]","[1.000,1.000,1.000]",True,True,False,Transform|MeshRenderer|MeshFilter|Parametric3SliceSpriteController
Environment/DoubleColorLaser (3)/BottomBakedBloom,BigMirrorEnvironment,Environment/DoubleColorLaser (3),2,Mesh,NeonLight,False,"[-2.700,-1.000,69.967]","[359.289,342.582,344.962]","[1.000,1.000,1.000]",True,True,False,Transform|MeshRenderer|MeshFilter|Parametric3SliceSpriteController
Environment/DoubleColorLaser (9)/BottomBakedBloom,BigMirrorEnvironment,Environment/DoubleColorLaser (9),2,Mesh,NeonLight,False,"[-2.700,-1.000,40.065]","[359.289,342.582,344.962]","[1.000,1.000,1.000]",True,True,False,Transform|MeshRenderer|MeshFilter|Parametric3SliceSpriteController
Environment/DoubleColorLaser (1)/BottomBakedBloom,BigMirrorEnvironment,Environment/DoubleColorLaser (1),2,Mesh,NeonLight,False,"[-2.700,-1.000,79.935]","[359.289,342.582,344.962]","[1.000,1.000,1.000]",True,True,False,Transform|MeshRenderer|MeshFilter|Parametric3SliceSpriteController
Environment/DoubleColorLaser (8)/BottomBakedBloom,BigMirrorEnvironment,Environment/DoubleColorLaser (8),2,Mesh,NeonLight,False,"[2.700,-1.000,40.065]","[359.289,17.418,15.038]","[1.000,1.000,1.000]",True,True,False,Transform|MeshRenderer|MeshFilter|Parametric3SliceSpriteController
Environment/BasicGameHUD/LeftPanel/ComboPanel/ComboCanvas,BigMirrorEnvironment,Environment/BasicGameHUD/LeftPanel/ComboPanel,4,Empty,UI,False,"[-3.200,1.830,7.000]","[0.000,0.000,0.000]","[1.000,1.000,1.000]",True,False,False,RectTransform|Canvas
Environment/BigTrackLaneRings,BigMirrorEnvironment,Environment,1,Empty,Default,False,"[0.000,5.000,7.000]","[0.000,0.000,0.000]","[1.000,1.000,1.000]",True,False,False,Transform|TrackLaneRingsManager|TrackLaneRingsRotationEffect|TrackLaneRingsRotationEffectSpawner
Environment/BasicGameHUD/LeftPanel/BG,BigMirrorEnvironment,Environment/BasicGameHUD/LeftPanel,3,Empty,UI,False,"[-3.200,-27.600,7.010]","[0.000,0.000,0.000]","[1.400,60.000,1.000]",False,True,False,Transform|SpriteRenderer
Environment/BackColumns,BigMirrorEnvironment,Environment,1,Mesh,Environment,False,"[0.000,0.000,0.000]","[0.000,0.000,0.000]","[1.000,1.000,1.000]",False,True,False,Transform|MeshFilter|MeshRenderer
Environment/BigSmokePS,BigMirrorEnvironment,Environment,1,Empty,NonReflectedParticles,False,"[0.000,0.000,0.000]","[0.000,0.000,0.000]","[1.000,1.000,1.000]",False,True,False,Transform|ParticleSystem|ParticleSystemRenderer|GraphicSettingsConditionalActivator|SetParticleSystemSeed
Environment/BasicGameHUD/EnergyPanel/BG,BigMirrorEnvironment,Environment/BasicGameHUD/EnergyPanel,3,Empty,UI,False,"[0.000,-0.640,7.750]","[0.000,0.000,0.000]","[1.000,1.000,1.000]",True,False,False,RectTransform|CanvasRenderer|RawImage
Environment/BasicGameHUD/LeftPanel,BigMirrorEnvironment,Environment/BasicGameHUD,2,Empty,UI,False,"[-3.200,0.400,7.000]","[0.000,0.000,0.000]","[1.000,1.000,1.000]",True,False,False,Transform
Environment/BasicGameHUD/RightPanel/MultiplierCanvas/TextOverlayPanelOutline1,BigMirrorEnvironment,Environment/BasicGameHUD/RightPanel/MultiplierCanvas,4,Empty,UI,False,"[3.187,1.642,7.000]","[0.000,0.000,0.000]","[1.000,1.000,1.000]",True,False,False,RectTransform
Environment/BasicGameHUD/RightPanel/BG,BigMirrorEnvironment,Environment/BasicGameHUD/RightPanel,3,Empty,UI,False,"[3.200,-27.600,7.010]","[0.000,0.000,0.000]","[1.400,60.000,1.000]",False,True,False,Transform|SpriteRenderer
Environment/PlayersPlace,BigMirrorEnvironment,Environment,1,Empty,PlayersPlace,False,"[0.000,0.000,0.000]","[0.000,0.000,0.000]","[1.000,1.000,1.000]",False,False,True,Transform|BoxCollider
Environment/BasicGameHUD/RightPanel/MultiplierCanvas/TextOverlayPanelOutline1/XText,BigMirrorEnvironment,Environment/BasicGameHUD/RightPanel/MultiplierCanvas/TextOverlayPanelOutline1,5,Empty,UI,False,"[3.210,1.854,7.000]","[0.000,0.000,0.000]","[1.000,1.000,1.000]",True,False,False,RectTransform|CanvasRenderer|CurvedTextMeshPro
Environment/BasicGameHUD/RightPanel/MultiplierCanvas/TextOverlayPanelOutline0,BigMirrorEnvironment,Environment/BasicGameHUD/RightPanel/MultiplierCanvas,4,Empty,UI,False,"[3.187,1.642,7.000]","[0.000,0.000,0.000]","[1.000,1.000,1.000]",True,False,False,RectTransform
Environment/BasicGameHUD/RightPanel/MultiplierCanvas/FGCircle,BigMirrorEnvironment,Environment/BasicGameHUD/RightPanel/MultiplierCanvas,4,Empty,UI,False,"[3.200,1.700,7.000]","[0.000,0.000,0.000]","[1.000,1.000,1.000]",True,False,False,RectTransform|CanvasRenderer|ImageView
Environment/BasicGameHUD/RightPanel/MultiplierCanvas/AnimationCircle,BigMirrorEnvironment,Environment/BasicGameHUD/RightPanel/MultiplierCanvas,4,Empty,UI,False,"[3.200,1.700,7.000]","[0.000,0.000,0.000]","[1.000,1.000,1.000]",True,False,False,RectTransform|CanvasRenderer|ImageView
Environment/BackColumns/BackColumnNeon,BigMirrorEnvironment,Environment/BackColumns,2,Empty,Environment,False,"[-3.000,0.239,-19.100]","[340.000,0.000,0.000]","[1.000,1.000,1.000]",False,False,False,Transform|TubeBloomPrePassLight|TubeBloomPrePassLightWithId
Environment/BasicGameHUD/RightPanel/Top,BigMirrorEnvironment,Environment/BasicGameHUD/RightPanel,3,Empty,UI,False,"[3.200,2.500,7.000]","[0.000,0.000,0.000]","[1.400,0.100,1.000]",True,True,False,Transform|SpriteRenderer
Environment/FrontLights,BigMirrorEnvironment,Environment,1,Empty,NeonLight,False,"[0.000,1.000,15.000]","[0.000,0.000,0.000]","[1.000,1.000,1.000]",True,False,False,Transform
Environment/BasicGameHUD/LeftPanel/Top,BigMirrorEnvironment,Environment/BasicGameHUD/LeftPanel,3,Empty,UI,False,"[-3.200,2.500,7.000]","[0.000,0.000,0.000]","[1.400,0.100,1.000]",True,True,False,Transform|SpriteRenderer
Environment/BasicGameHUD/LeftPanel/ComboPanel/ComboText,BigMirrorEnvironment,Environment/BasicGameHUD/LeftPanel/ComboPanel,4,Empty,UI,False,"[-3.200,1.960,7.000]","[0.000,0.000,0.000]","[0.700,1.000,1.000]",True,False,False,RectTransform|CanvasRenderer|CurvedTextMeshPro|LocalizedTextMeshProUGUI
Environment/BasicGameHUD/RightPanel/MultiplierCanvas/TextPanel/XText,BigMirrorEnvironment,Environment/BasicGameHUD/RightPanel/MultiplierCanvas/TextPanel,5,Empty,UI,False,"[3.210,1.854,7.000]","[0.000,0.000,0.000]","[1.000,1.000,1.000]",True,False,False,RectTransform|CanvasRenderer|CurvedTextMeshPro
Environment/DoubleColorLaser (9)/TopBakedBloom,BigMirrorEnvironment,Environment/DoubleColorLaser (9),2,Mesh,NeonLight,False,"[-2.700,-1.000,40.065]","[359.289,342.582,344.962]","[1.000,1.000,1.000]",True,True,False,Transform|MeshRenderer|MeshFilter|Parametric3SliceSpriteController
Environment/DoubleColorLaser (8)/TopBakedBloom,BigMirrorEnvironment,Environment/DoubleColorLaser (8),2,Mesh,NeonLight,False,"[2.700,-1.000,40.065]","[359.289,17.418,15.038]","[1.000,1.000,1.000]",True,True,False,Transform|MeshRenderer|MeshFilter|Parametric3SliceSpriteController
Environment/DoubleColorLaser (1)/TopBakedBloom,BigMirrorEnvironment,Environment/DoubleColorLaser (1),2,Mesh,NeonLight,False,"[-2.700,-1.000,79.935]","[359.289,342.582,344.962]","[1.000,1.000,1.000]",True,True,False,Transform|MeshRenderer|MeshFilter|Parametric3SliceSpriteController
Environment/DoubleColorLaser (5)/TopBakedBloom,BigMirrorEnvironment,Environment/DoubleColorLaser (5),2,Mesh,NeonLight,False,"[-2.700,-1.000,60.000]","[359.289,342.582,344.962]","[1.000,1.000,1.000]",True,True,False,Transform|MeshRenderer|MeshFilter|Parametric3SliceSpriteController
Environment/DoubleColorLaser (6)/TopBakedBloom,BigMirrorEnvironment,Environment/DoubleColorLaser (6),2,Mesh,NeonLight,False,"[2.700,-1.000,50.033]","[359.289,17.418,15.038]","[1.000,1.000,1.000]",True,True,False,Transform|MeshRenderer|MeshFilter|Parametric3SliceSpriteController
Environment/DoubleColorLaser (4)/TopBakedBloom,BigMirrorEnvironment,Environment/DoubleColorLaser (4),2,Mesh,NeonLight,False,"[2.700,-1.000,60.000]","[359.289,17.418,15.038]","[1.000,1.000,1.000]",True,True,False,Transform|MeshRenderer|MeshFilter|Parametric3SliceSpriteController
Environment/DoubleColorLaser (2)/TopBakedBloom,BigMirrorEnvironment,Environment/DoubleColorLaser (2),2,Mesh,NeonLight,False,"[2.700,-1.000,69.967]","[359.289,17.418,15.038]","[1.000,1.000,1.000]",True,True,False,Transform|MeshRenderer|MeshFilter|Parametric3SliceSpriteController
Environment/DoubleColorLaser (7)/TopBakedBloom,BigMirrorEnvironment,Environment/DoubleColorLaser (7),2,Mesh,NeonLight,False,"[-2.700,-1.000,50.033]","[359.289,342.582,344.962]","[1.000,1.000,1.000]",True,True,False,Transform|MeshRenderer|MeshFilter|Parametric3SliceSpriteController
Environment/DoubleColorLaser (3)/TopBakedBloom,BigMirrorEnvironment,Environment/DoubleColorLaser (3),2,Mesh,NeonLight,False,"[-2.700,-1.000,69.967]","[359.289,342.582,344.962]","[1.000,1.000,1.000]",True,True,False,Transform|MeshRenderer|MeshFilter|Parametric3SliceSpriteController
Environment/DoubleColorLaser/TopBakedBloom,BigMirrorEnvironment,Environment/DoubleColorLaser,2,Mesh,NeonLight,False,"[2.700,-1.000,79.935]","[359.289,17.418,15.038]","[1.000,1.000,1.000]",True,True,False,Transform|MeshRenderer|MeshFilter|Parametric3SliceSpriteController
Environment/BasicGameHUD/EnergyPanel,BigMirrorEnvironment,Environment/BasicGameHUD,2,Empty,UI,False,"[0.000,-0.640,7.750]","[0.000,0.000,0.000]","[0.020,0.020,0.020]",True,False,False,RectTransform|GameEnergyUIPanel|Canvas|CanvasScaler|PlayableDirector|Animator
Environment/PlayersPlace/Mirror,BigMirrorEnvironment,Environment/PlayersPlace,2,Mesh,Water,False,"[0.000,0.005,0.000]","[0.000,0.000,0.000]","[1.000,1.000,1.000]",False,True,False,Transform|MeshFilter|MeshRenderer|Mirror
Environment/BasicGameHUD/RightPanel/MultiplierCanvas/TextOverlayPanelOutline1/NumText,BigMirrorEnvironment,Environment/BasicGameHUD/RightPanel/MultiplierCanvas/TextOverlayPanelOutline1,5,Empty,UI,False,"[2.987,1.642,7.000]","[0.000,0.000,0.000]","[1.000,1.000,1.000]",True,False,False,RectTransform|CanvasRenderer|CurvedTextMeshPro
Environment/BasicGameHUD/RightPanel/MultiplierCanvas/TextOverlayPanelOutline0/XText,BigMirrorEnvironment,Environment/BasicGameHUD/RightPanel/MultiplierCanvas/TextOverlayPanelOutline0,5,Empty,UI,False,"[3.210,1.854,7.000]","[0.000,0.000,0.000]","[1.000,1.000,1.000]",True,False,False,RectTransform|CanvasRenderer|CurvedTextMeshPro
Environment/DoubleColorLaser (7),BigMirrorEnvironment,Environment,1,Empty,NeonLight,False,"[-2.700,-1.000,50.033]","[359.289,342.582,344.962]","[1.000,1.000,1.000]",True,False,False,Transform|TubeBloomPrePassLight|TubeBloomPrePassLightWithId|TubeBloomPrePassLight|TubeBloomPrePassLightWithId
Environment/DoubleColorLaser,BigMirrorEnvironment,Environment,1,Empty,NeonLight,False,"[2.700,-1.000,79.935]","[359.289,17.418,15.038]","[1.000,1.000,1.000]",True,False,False,Transform|TubeBloomPrePassLight|TubeBloomPrePassLightWithId|TubeBloomPrePassLight|TubeBloomPrePassLightWithId
Environment/DoubleColorLaser (3),BigMirrorEnvironment,Environment,1,Empty,NeonLight,False,"[-2.700,-1.000,69.967]","[359.289,342.582,344.962]","[1.000,1.000,1.000]",True,False,False,Transform|TubeBloomPrePassLight|TubeBloomPrePassLightWithId|TubeBloomPrePassLight|TubeBloomPrePassLightWithId
Environment/DoubleColorLaser (5),BigMirrorEnvironment,Environment,1,Empty,NeonLight,False,"[-2.700,-1.000,60.000]","[359.289,342.582,344.962]","[1.000,1.000,1.000]",True,False,False,Transform|TubeBloomPrePassLight|TubeBloomPrePassLightWithId|TubeBloomPrePassLight|TubeBloomPrePassLightWithId
Environment/DoubleColorLaser (6),BigMirrorEnvironment,Environment,1,Empty,NeonLight,False,"[2.700,-1.000,50.033]","[359.289,17.418,15.038]","[1.000,1.000,1.000]",True,False,False,Transform|TubeBloomPrePassLight|TubeBloomPrePassLightWithId|TubeBloomPrePassLight|TubeBloomPrePassLightWithId
Environment/DoubleColorLaser (4),BigMirrorEnvironment,Environment,1,Empty,NeonLight,False,"[2.700,-1.000,60.000]","[359.289,17.418,15.038]","[1.000,1.000,1.000]",True,False,False,Transform|TubeBloomPrePassLight|TubeBloomPrePassLightWithId|TubeBloomPrePassLight|TubeBloomPrePassLightWithId
Environment/DoubleColorLaser (2),BigMirrorEnvironment,Environment,1,Empty,NeonLight,False,"[2.700,-1.000,69.967]","[359.289,17.418,15.038]","[1.000,1.000,1.000]",True,False,False,Transform|TubeBloomPrePassLight|TubeBloomPrePassLightWithId|TubeBloomPrePassLight|TubeBloomPrePassLightWithId
Environment/DoubleColorLaser (1),BigMirrorEnvironment,Environment,1,Empty,NeonLight,False,"[-2.700,-1.000,79.935]","[359.289,342.582,344.962]","[1.000,1.000,1.000]",True,False,False,Transform|TubeBloomPrePassLight|TubeBloomPrePassLightWithId|TubeBloomPrePassLight|TubeBloomPrePassLightWithId
Environment/DoubleColorLaser (8),BigMirrorEnvironment,Environment,1,Empty,NeonLight,False,"[2.700,-1.000,40.065]","[359.289,17.418,15.038]","[1.000,1.000,1.000]",True,False,False,Transform|TubeBloomPrePassLight|TubeBloomPrePassLightWithId|TubeBloomPrePassLight|TubeBloomPrePassLightWithId
Environment/DoubleColorLaser (9),BigMirrorEnvironment,Environment,1,Empty,NeonLight,False,"[-2.700,-1.000,40.065]","[359.289,342.582,344.962]","[1.000,1.000,1.000]",True,False,False,Transform|TubeBloomPrePassLight|TubeBloomPrePassLightWithId|TubeBloomPrePassLight|TubeBloomPrePassLightWithId
Environment/BasicGameHUD/RightPanel/MultiplierCanvas/TextOverlayPanelOutline0/NumText,BigMirrorEnvironment,Environment/BasicGameHUD/RightPanel/MultiplierCanvas/TextOverlayPanelOutline0,5,Empty,UI,False,"[2.987,1.642,7.000]","[0.000,0.000,0.000]","[1.000,1.000,1.000]",True,False,False,RectTransform|CanvasRenderer|CurvedTextMeshPro
Environment/BasicGameHUD/RightPanel,BigMirrorEnvironment,Environment/BasicGameHUD,2,Empty,UI,False,"[3.200,0.400,7.000]","[0.000,0.000,0.000]","[1.000,1.000,1.000]",True,False,False,Transform
Environment/BasicGameHUD/EnergyPanel/EnergyBarWrapper/EnergyBar,BigMirrorEnvironment,Environment/BasicGameHUD/EnergyPanel/EnergyBarWrapper,4,Empty,UI,False,"[-0.954,-0.640,7.750]","[0.000,0.000,0.000]","[1.000,1.000,1.000]",True,False,False,RectTransform|CanvasRenderer|ImageView|Canvas
Environment/PlayersPlace/Construction,BigMirrorEnvironment,Environment/PlayersPlace,2,Mesh,Environment,False,"[0.000,0.000,0.000]","[0.000,0.000,0.000]","[1.000,1.000,1.000]",False,True,False,Transform|MeshFilter|MeshRenderer
Environment/BasicGameHUD/LeftPanel/ScoreCanvas,BigMirrorEnvironment,Environment/BasicGameHUD/LeftPanel,3,Empty,UI,False,"[-3.200,0.900,7.000]","[0.000,0.000,0.000]","[0.020,0.020,0.020]",True,False,False,RectTransform|Canvas|ImmediateRankUIPanel
Environment/DoubleColorLaser (1)/BottomBoxLight,BigMirrorEnvironment,Environment/DoubleColorLaser (1),2,Mesh,NeonLight,False,"[-34.095,-121.710,71.656]","[359.289,342.582,344.962]","[0.050,125.000,0.050]",False,True,False,Transform|MeshRenderer|MeshFilter|ParametricBoxController
Environment/DoubleColorLaser (8)/BottomBoxLight,BigMirrorEnvironment,Environment/DoubleColorLaser (8),2,Mesh,NeonLight,False,"[34.095,-121.710,31.786]","[359.289,17.418,15.038]","[0.050,125.000,0.050]",False,True,False,Transform|MeshRenderer|MeshFilter|ParametricBoxController
Environment/DoubleColorLaser (9)/BottomBoxLight,BigMirrorEnvironment,Environment/DoubleColorLaser (9),2,Mesh,NeonLight,False,"[-34.095,-121.710,31.786]","[359.289,342.582,344.962]","[0.050,125.000,0.050]",False,True,False,Transform|MeshRenderer|MeshFilter|ParametricBoxController
Environment/DoubleColorLaser (7)/BottomBoxLight,BigMirrorEnvironment,Environment/DoubleColorLaser (7),2,Mesh,NeonLight,False,"[-34.095,-121.710,41.754]","[359.289,342.582,344.962]","[0.050,125.000,0.050]",False,True,False,Transform|MeshRenderer|MeshFilter|ParametricBoxController
Environment/DoubleColorLaser/BottomBoxLight,BigMirrorEnvironment,Environment/DoubleColorLaser,2,Mesh,NeonLight,False,"[34.095,-121.710,71.656]","[359.289,17.418,15.038]","[0.050,125.000,0.050]",False,True,False,Transform|MeshRenderer|MeshFilter|ParametricBoxController
Environment/DoubleColorLaser (3)/BottomBoxLight,BigMirrorEnvironment,Environment/DoubleColorLaser (3),2,Mesh,NeonLight,False,"[-34.095,-121.710,61.689]","[359.289,342.582,344.962]","[0.050,125.000,0.050]",False,True,False,Transform|MeshRenderer|MeshFilter|ParametricBoxController
Environment/DoubleColorLaser (6)/BottomBoxLight,BigMirrorEnvironment,Environment/DoubleColorLaser (6),2,Mesh,NeonLight,False,"[34.095,-121.710,41.754]","[359.289,17.418,15.038]","[0.050,125.000,0.050]",False,True,False,Transform|MeshRenderer|MeshFilter|ParametricBoxController
Environment/DoubleColorLaser (5)/BottomBoxLight,BigMirrorEnvironment,Environment/DoubleColorLaser (5),2,Mesh,NeonLight,False,"[-34.095,-121.710,51.721]","[359.289,342.582,344.962]","[0.050,125.000,0.050]",False,True,False,Transform|MeshRenderer|MeshFilter|ParametricBoxController
Environment/DoubleColorLaser (2)/BottomBoxLight,BigMirrorEnvironment,Environment/DoubleColorLaser (2),2,Mesh,NeonLight,False,"[34.095,-121.710,61.689]","[359.289,17.418,15.038]","[0.050,125.000,0.050]",False,True,False,Transform|MeshRenderer|MeshFilter|ParametricBoxController
Environment/DoubleColorLaser (4)/BottomBoxLight,BigMirrorEnvironment,Environment/DoubleColorLaser (4),2,Mesh,NeonLight,False,"[34.095,-121.710,51.721]","[359.289,17.418,15.038]","[0.050,125.000,0.050]",False,True,False,Transform|MeshRenderer|MeshFilter|ParametricBoxController
Environment/BasicGameHUD/EnergyPanel/EnergyIconEmpty,BigMirrorEnvironment,Environment/BasicGameHUD/EnergyPanel,3,Empty,UI,False,"[-1.180,-0.640,7.750]","[0.000,0.000,0.000]","[1.000,1.000,1.000]",True,False,False,RectTransform|CanvasRenderer|ImageView
Environment/BasicGameHUD,BigMirrorEnvironment,Environment,1,Empty,UI,False,"[0.000,0.000,0.000]","[0.000,0.000,0.000]","[1.000,1.000,1.000]",False,False,False,Transform|CoreGameHUDController|CanvasGroup|ZenjectBinding
Environment/PlayersPlace/Feet,BigMirrorEnvironment,Environment/PlayersPlace,2,Empty,DontShowInExternalMRCamera,False,"[0.000,0.005,0.000]","[90.000,0.000,0.000]","[1.000,1.000,1.000]",False,True,False,Transform|SpriteRenderer|SpriteLightWithId
Environment/BasicGameHUD/LeftPanel/ComboPanel,BigMirrorEnvironment,Environment/BasicGameHUD/LeftPanel,3,Empty,UI,False,"[-3.200,1.830,7.000]","[0.000,0.000,0.000]","[0.010,0.010,0.010]",True,False,False,RectTransform|ComboUIController|Animator|Canvas|CanvasScaler
Environment/NearBuildingLeft/NeonTubeDirectional (1),BigMirrorEnvironment,Environment/NearBuildingLeft,2,Empty,NeonLight,False,"[-17.450,-2.500,15.000]","[0.000,0.000,0.000]","[1.000,1.000,1.000]",True,False,False,Transform|TubeBloomPrePassLight|TubeBloomPrePassLightWithId
Environment/NearBuildingLeft/NeonTubeDirectional (1)/BakedBloom,BigMirrorEnvironment,Environment/NearBuildingLeft/NeonTubeDirectional (1),3,Mesh,NeonLight,False,"[-17.450,-2.500,15.000]","[0.000,270.000,0.000]","[1.000,1.000,1.000]",True,True,False,Transform|MeshRenderer|MeshFilter|Parametric3SliceSpriteController
Environment/NearBuildingLeft/NeonTubeDirectional (1)/BoxLight,BigMirrorEnvironment,Environment/NearBuildingLeft/NeonTubeDirectional (1),3,Mesh,NeonLight,False,"[-17.450,-2.500,15.000]","[0.000,0.000,0.000]","[0.100,10.000,0.100]",True,True,False,Transform|MeshRenderer|MeshFilter|ParametricBoxController
Environment/NearBuildingLeft,BigMirrorEnvironment,Environment,1,Empty,Default,False,"[-20.000,3.000,15.000]","[0.000,0.000,0.000]","[1.000,1.000,1.000]",False,False,False,Transform
Environment/NearBuildingLeft/Mesh,BigMirrorEnvironment,Environment/NearBuildingLeft,2,Mesh,Default,False,"[6.000,-17.000,-10.000]","[0.000,0.000,0.000]","[1.000,1.000,1.000]",False,True,False,Transform|MeshFilter|MeshRenderer
Environment/BasicGameHUD/RightPanel/SongProgressCanvas/ProgressText/Separator,BigMirrorEnvironment,Environment/BasicGameHUD/RightPanel/SongProgressCanvas/ProgressText,5,Empty,UI,False,"[3.185,0.645,6.990]","[0.000,0.000,0.000]","[1.000,1.000,1.000]",True,False,False,RectTransform|CanvasRenderer|ImageView
Environment/NearBuildingRight/Mesh,BigMirrorEnvironment,Environment/NearBuildingRight,2,Mesh,Default,False,"[-6.000,-17.000,-10.000]","[0.000,0.000,0.000]","[1.000,1.000,1.000]",False,True,False,Transform|MeshFilter|MeshRenderer
Environment/NearBuildingRight,BigMirrorEnvironment,Environment,1,Empty,Default,False,"[20.000,3.000,15.000]","[0.000,0.000,0.000]","[1.000,1.000,1.000]",False,False,False,Transform
Environment/LightWithIdManager,BigMirrorEnvironment,Environment,1,Empty,Default,False,"[0.000,0.000,0.000]","[0.000,0.000,0.000]","[1.000,1.000,1.000]",False,False,False,Transform|LightWithIdManager|ZenjectBinding
Environment/BakedReflectionProbeInstaller,BigMirrorEnvironment,Environment,1,Empty,Environment,False,"[0.000,0.000,0.000]","[0.000,0.000,0.000]","[1.000,1.000,1.000]",False,False,False,Transform|FakeMirrorObjectsInstaller
Environment/DustPS,BigMirrorEnvironment,Environment,1,Empty,DontShowInExternalMRCamera,False,"[0.000,0.000,0.000]","[90.000,0.000,0.000]","[1.000,1.000,1.000]",False,True,False,Transform|ParticleSystem|ParticleSystemRenderer|MoveAndRotateWithMainCamera|ReflectionProbeBakingOverride|SetParticleSystemSeed
Environment/Spectrograms/Spectrogram,BigMirrorEnvironment,Environment/Spectrograms,2,Empty,Environment,False,"[13.000,7.000,30.000]","[0.000,0.000,0.000]","[1.000,1.000,1.000]",True,False,False,Transform
Environment/Spectrograms,BigMirrorEnvironment,Environment,1,Empty,Default,False,"[0.000,7.000,0.000]","[0.000,0.000,0.000]","[1.000,1.000,1.000]",False,False,False,Transform|Spectrogram
Environment/PlayersPlace/SaberBurnMarksParticles,BigMirrorEnvironment,Environment/PlayersPlace,2,Empty,NonReflectedParticles,False,"[0.000,0.005,0.000]","[0.000,0.000,0.000]","[1.000,1.000,1.000]",False,False,False,Transform|SaberBurnMarkSparkles
Environment/PlayersPlace/SaberBurnMarksParticles/SaberBurnMarkSparklePS,BigMirrorEnvironment,Environment/PlayersPlace/SaberBurnMarksParticles,3,Empty,NonReflectedParticles,False,"[0.000,0.005,0.000]","[0.000,0.000,0.000]","[1.000,1.000,1.000]",False,True,False,Transform|ParticleSystemRenderer|ParticleSystem|SetParticleSystemSeed
Environment/PlayersPlace/SaberBurnMarksArea,BigMirrorEnvironment,Environment/PlayersPlace,2,Mesh,NonReflectedParticles,False,"[0.000,0.010,0.000]","[0.000,0.000,0.000]","[1.000,1.000,1.000]",False,True,False,Transform|MeshFilter|MeshRenderer|SaberBurnMarkArea|GraphicSettingsConditionalActivator
Environment/PlayersPlace/RectangleFakeGlow,BigMirrorEnvironment,Environment/PlayersPlace,2,Mesh,Default,False,"[0.000,0.008,0.000]","[90.000,0.000,0.000]","[1.495,0.995,1.000]",False,True,False,Transform|MeshRenderer|MeshFilter|MaterialPropertyBlockController|RectangleFakeGlow|RectangleFakeGlowLightWithId|ReflectionProbeBakingOverride
Environment/BasicGameHUD/RightPanel/RecordingPanel/RecordingCircle,BigMirrorEnvironment,Environment/BasicGameHUD/RightPanel/RecordingPanel,4,Empty,DontShowInExternalMRCamera,False,"[2.911,0.230,7.000]","[0.000,0.000,0.000]","[1.000,1.000,1.000]",True,False,False,RectTransform|CanvasRenderer|ImageView
Environment/RotatingLasersPair (1)/BaseR/Laser/BoxLight,BigMirrorEnvironment,Environment/RotatingLasersPair (1)/BaseR/Laser,4,Mesh,NeonLight,False,"[8.000,0.000,40.000]","[0.000,0.000,55.000]","[0.050,250.000,0.050]",True,True,False,Transform|MeshRenderer|MeshFilter|ParametricBoxController
Environment/RotatingLasersPair (2)/BaseR/Laser/BoxLight,BigMirrorEnvironment,Environment/RotatingLasersPair (2)/BaseR/Laser,4,Mesh,NeonLight,False,"[8.000,0.000,45.000]","[0.000,0.000,55.000]","[0.050,250.000,0.050]",True,True,False,Transform|MeshRenderer|MeshFilter|ParametricBoxController
Environment/RotatingLasersPair/BaseR/Laser/BoxLight,BigMirrorEnvironment,Environment/RotatingLasersPair/BaseR/Laser,4,Mesh,NeonLight,False,"[8.000,0.000,35.000]","[0.000,0.000,55.000]","[0.050,250.000,0.050]",True,True,False,Transform|MeshRenderer|MeshFilter|ParametricBoxController
Environment/RotatingLasersPair (3)/BaseR/Laser/BoxLight,BigMirrorEnvironment,Environment/RotatingLasersPair (3)/BaseR/Laser,4,Mesh,NeonLight,False,"[8.000,0.000,50.000]","[0.000,0.000,55.000]","[0.050,250.000,0.050]",True,True,False,Transform|MeshRenderer|MeshFilter|ParametricBoxController
Environment/RotatingLasersPair/BaseR/Laser/BakedBloom,BigMirrorEnvironment,Environment/RotatingLasersPair/BaseR/Laser,4,Mesh,NeonLight,False,"[8.000,0.000,35.000]","[305.000,90.000,0.000]","[1.000,1.000,1.000]",True,True,False,Transform|MeshRenderer|MeshFilter|Parametric3SliceSpriteController
Environment/RotatingLasersPair (3)/BaseR/Laser/BakedBloom,BigMirrorEnvironment,Environment/RotatingLasersPair (3)/BaseR/Laser,4,Mesh,NeonLight,False,"[8.000,0.000,50.000]","[305.000,90.000,0.000]","[1.000,1.000,1.000]",True,True,False,Transform|MeshRenderer|MeshFilter|Parametric3SliceSpriteController
Environment/RotatingLasersPair (2)/BaseR/Laser/BakedBloom,BigMirrorEnvironment,Environment/RotatingLasersPair (2)/BaseR/Laser,4,Mesh,NeonLight,False,"[8.000,0.000,45.000]","[305.000,90.000,0.000]","[1.000,1.000,1.000]",True,True,False,Transform|MeshRenderer|MeshFilter|Parametric3SliceSpriteController
Environment/RotatingLasersPair (1)/BaseR/Laser/BakedBloom,BigMirrorEnvironment,Environment/RotatingLasersPair (1)/BaseR/Laser,4,Mesh,NeonLight,False,"[8.000,0.000,40.000]","[305.000,90.000,0.000]","[1.000,1.000,1.000]",True,True,False,Transform|MeshRenderer|MeshFilter|Parametric3SliceSpriteController
Environment/RotatingLasersPair (3)/BaseR/Laser,BigMirrorEnvironment,Environment/RotatingLasersPair (3)/BaseR,3,Empty,NeonLight,False,"[8.000,0.000,50.000]","[0.000,0.000,55.000]","[1.000,1.000,1.000]",True,False,False,Transform|TubeBloomPrePassLight|TubeBloomPrePassLightWithId
Environment/RotatingLasersPair/BaseR/Laser,BigMirrorEnvironment,Environment/RotatingLasersPair/BaseR,3,Empty,NeonLight,False,"[8.000,0.000,35.000]","[0.000,0.000,55.000]","[1.000,1.000,1.000]",True,False,False,Transform|TubeBloomPrePassLight|TubeBloomPrePassLightWithId
Environment/RotatingLasersPair (2)/BaseR/Laser,BigMirrorEnvironment,Environment/RotatingLasersPair (2)/BaseR,3,Empty,NeonLight,False,"[8.000,0.000,45.000]","[0.000,0.000,55.000]","[1.000,1.000,1.000]",True,False,False,Transform|TubeBloomPrePassLight|TubeBloomPrePassLightWithId
Environment/RotatingLasersPair (1)/BaseR/Laser,BigMirrorEnvironment,Environment/RotatingLasersPair (1)/BaseR,3,Empty,NeonLight,False,"[8.000,0.000,40.000]","[0.000,0.000,55.000]","[1.000,1.000,1.000]",True,False,False,Transform|TubeBloomPrePassLight|TubeBloomPrePassLightWithId
Environment/RotatingLasersPair (3)/BaseL/Laser/BakedBloom,BigMirrorEnvironment,Environment/RotatingLasersPair (3)/BaseL/Laser,4,Mesh,NeonLight,False,"[-8.000,0.000,50.000]","[55.000,90.000,0.000]","[1.000,1.000,1.000]",True,True,False,Transform|MeshRenderer|MeshFilter|Parametric3SliceSpriteController
Environment/RotatingLasersPair/BaseL/Laser/BakedBloom,BigMirrorEnvironment,Environment/RotatingLasersPair/BaseL/Laser,4,Mesh,NeonLight,False,"[-8.000,0.000,35.000]","[55.000,90.000,0.000]","[1.000,1.000,1.000]",True,True,False,Transform|MeshRenderer|MeshFilter|Parametric3SliceSpriteController
Environment/RotatingLasersPair (2)/BaseL/Laser/BakedBloom,BigMirrorEnvironment,Environment/RotatingLasersPair (2)/BaseL/Laser,4,Mesh,NeonLight,False,"[-8.000,0.000,45.000]","[55.000,90.000,0.000]","[1.000,1.000,1.000]",True,True,False,Transform|MeshRenderer|MeshFilter|Parametric3SliceSpriteController
Environment/RotatingLasersPair (1)/BaseL/Laser/BakedBloom,BigMirrorEnvironment,Environment/RotatingLasersPair (1)/BaseL/Laser,4,Mesh,NeonLight,False,"[-8.000,0.000,40.000]","[55.000,90.000,0.000]","[1.000,1.000,1.000]",True,True,False,Transform|MeshRenderer|MeshFilter|Parametric3SliceSpriteController
Environment/RotatingLasersPair/BaseL/Laser,BigMirrorEnvironment,Environment/RotatingLasersPair/BaseL,3,Empty,NeonLight,False,"[-8.000,0.000,35.000]","[0.000,0.000,305.000]","[1.000,1.000,1.000]",True,False,False,Transform|TubeBloomPrePassLight|TubeBloomPrePassLightWithId
Environment/RotatingLasersPair (3)/BaseL/Laser,BigMirrorEnvironment,Environment/RotatingLasersPair (3)/BaseL,3,Empty,NeonLight,False,"[-8.000,0.000,50.000]","[0.000,0.000,305.000]","[1.000,1.000,1.000]",True,False,False,Transform|TubeBloomPrePassLight|TubeBloomPrePassLightWithId
Environment/RotatingLasersPair (2)/BaseL/Laser,BigMirrorEnvironment,Environment/RotatingLasersPair (2)/BaseL,3,Empty,NeonLight,False,"[-8.000,0.000,45.000]","[0.000,0.000,305.000]","[1.000,1.000,1.000]",True,False,False,Transform|TubeBloomPrePassLight|TubeBloomPrePassLightWithId
Environment/RotatingLasersPair (1)/BaseL/Laser,BigMirrorEnvironment,Environment/RotatingLasersPair (1)/BaseL,3,Empty,NeonLight,False,"[-8.000,0.000,40.000]","[0.000,0.000,305.000]","[1.000,1.000,1.000]",True,False,False,Transform|TubeBloomPrePassLight|TubeBloomPrePassLightWithId
Environment/BasicGameHUD/RightPanel/SongProgressCanvas/ProgressText,BigMirrorEnvironment,Environment/BasicGameHUD/RightPanel/SongProgressCanvas,4,Empty,UI,False,"[3.200,0.760,6.990]","[0.000,0.000,0.000]","[1.000,1.000,1.000]",True,False,False,RectTransform
Environment/RotatingLasersPair (1)/BaseL/Laser/BoxLight,BigMirrorEnvironment,Environment/RotatingLasersPair (1)/BaseL/Laser,4,Mesh,NeonLight,False,"[-8.000,0.000,40.000]","[0.000,0.000,305.000]","[0.050,250.000,0.050]",True,True,False,Transform|MeshRenderer|MeshFilter|ParametricBoxController
Environment/RotatingLasersPair (2)/BaseL/Laser/BoxLight,BigMirrorEnvironment,Environment/RotatingLasersPair (2)/BaseL/Laser,4,Mesh,NeonLight,False,"[-8.000,0.000,45.000]","[0.000,0.000,305.000]","[0.050,250.000,0.050]",True,True,False,Transform|MeshRenderer|MeshFilter|ParametricBoxController
Environment/RotatingLasersPair (3)/BaseL/Laser/BoxLight,BigMirrorEnvironment,Environment/RotatingLasersPair (3)/BaseL/Laser,4,Mesh,NeonLight,False,"[-8.000,0.000,50.000]","[0.000,0.000,305.000]","[0.050,250.000,0.050]",True,True,False,Transform|MeshRenderer|MeshFilter|ParametricBoxController
Environment/RotatingLasersPair/BaseL/Laser/BoxLight,BigMirrorEnvironment,Environment/RotatingLasersPair/BaseL/Laser,4,Mesh,NeonLight,False,"[-8.000,0.000,35.000]","[0.000,0.000,305.000]","[0.050,250.000,0.050]",True,True,False,Transform|MeshRenderer|MeshFilter|ParametricBoxController
Environment/BasicGameHUD/EnergyPanel/Laser,BigMirrorEnvironment,Environment/BasicGameHUD/EnergyPanel,3,Empty,NeonLight,False,"[0.000,-0.640,6.950]","[0.000,0.000,90.000]","[1.000,1.000,1.000]",True,False,False,Transform|TubeBloomPrePassLight
Environment/BasicGameHUD/EnergyPanel/Laser/BoxLight,BigMirrorEnvironment,Environment/BasicGameHUD/EnergyPanel/Laser,4,Mesh,Default,False,"[0.000,-0.640,6.950]","[0.000,0.000,90.000]","[0.000,250.000,0.000]",True,True,False,Transform|MeshRenderer|MeshFilter|ParametricBoxController
Environment/BasicGameHUD/EnergyPanel/Laser/BakedBloom,BigMirrorEnvironment,Environment/BasicGameHUD/EnergyPanel/Laser,4,Mesh,Default,False,"[0.000,-0.640,6.950]","[0.000,0.000,90.000]","[1.000,1.000,1.000]",True,True,False,Transform|MeshRenderer|MeshFilter|Parametric3SliceSpriteController
Environment/BasicGameHUD/RightPanel/SongProgressCanvas/ProgressText/Progress/ProgressColon,BigMirrorEnvironment,Environment/BasicGameHUD/RightPanel/SongProgressCanvas/ProgressText/Progress,6,Empty,UI,False,"[2.881,0.635,6.990]","[0.000,0.000,0.000]","[1.000,1.000,1.000]",True,False,False,RectTransform|CanvasRenderer|ImageView
Environment/BasicGameHUD/RightPanel/SongProgressCanvas/ProgressText/Duration/DurationColon,BigMirrorEnvironment,Environment/BasicGameHUD/RightPanel/SongProgressCanvas/ProgressText/Duration,6,Empty,UI,False,"[3.396,0.635,6.990]","[0.000,0.000,0.000]","[1.000,1.000,1.000]",True,False,False,RectTransform|CanvasRenderer|ImageView
Environment/BasicGameHUD/LeftPanel/ComboPanel/Line0,BigMirrorEnvironment,Environment/BasicGameHUD/LeftPanel/ComboPanel,4,Empty,UI,False,"[-3.200,2.180,7.000]","[0.000,0.000,0.000]","[1.000,1.000,1.000]",True,False,False,RectTransform|CanvasRenderer|ImageView
Environment/NeonTubeDirectionalL,BigMirrorEnvironment,Environment,1,Empty,NeonLight,False,"[-4.250,0.100,8.300]","[0.000,90.000,90.000]","[1.000,1.000,1.000]",True,False,False,Transform|TubeBloomPrePassLight|TubeBloomPrePassLightWithId
Environment/NeonTubeDirectionalR,BigMirrorEnvironment,Environment,1,Empty,NeonLight,False,"[4.250,0.100,8.300]","[0.000,90.000,90.000]","[1.000,1.000,1.000]",True,False,False,Transform|TubeBloomPrePassLight|TubeBloomPrePassLightWithId
Environment/NeonTubeDirectionalFL,BigMirrorEnvironment,Environment,1,Empty,NeonLight,False,"[-8.100,0.020,7.750]","[0.000,90.000,90.000]","[1.000,1.000,1.000]",True,False,False,Transform|TubeBloomPrePassLight|TubeBloomPrePassLightWithId
Environment/NeonTubeDirectionalFR,BigMirrorEnvironment,Environment,1,Empty,NeonLight,False,"[8.100,0.020,7.750]","[0.000,90.000,90.000]","[1.000,1.000,1.000]",True,False,False,Transform|TubeBloomPrePassLight|TubeBloomPrePassLightWithId
Environment/NeonTubeDirectionalR/BakedBloom,BigMirrorEnvironment,Environment/NeonTubeDirectionalR,2,Mesh,NeonLight,False,"[4.250,0.100,8.300]","[90.000,0.000,0.000]","[1.000,1.000,1.000]",True,True,False,Transform|MeshRenderer|MeshFilter|Parametric3SliceSpriteController
Environment/NeonTubeDirectionalL/BakedBloom,BigMirrorEnvironment,Environment/NeonTubeDirectionalL,2,Mesh,NeonLight,False,"[-4.250,0.100,8.300]","[90.000,0.000,0.000]","[1.000,1.000,1.000]",True,True,False,Transform|MeshRenderer|MeshFilter|Parametric3SliceSpriteController
Environment/NeonTubeDirectionalFL/BakedBloom,BigMirrorEnvironment,Environment/NeonTubeDirectionalFL,2,Mesh,NeonLight,False,"[-8.100,0.020,7.750]","[90.000,0.000,0.000]","[1.000,1.000,1.000]",True,True,False,Transform|MeshRenderer|MeshFilter|Parametric3SliceSpriteController
Environment/NeonTubeDirectionalFR/BakedBloom,BigMirrorEnvironment,Environment/NeonTubeDirectionalFR,2,Mesh,NeonLight,False,"[8.100,0.020,7.750]","[90.000,0.000,0.000]","[1.000,1.000,1.000]",True,True,False,Transform|MeshRenderer|MeshFilter|Parametric3SliceSpriteController
Environment/NeonTubeDirectionalFR/BoxLight,BigMirrorEnvironment,Environment/NeonTubeDirectionalFR,2,Mesh,NeonLight,False,"[8.100,0.020,7.750]","[0.000,90.000,90.000]","[0.025,500.000,0.025]",True,True,False,Transform|MeshRenderer|MeshFilter|ParametricBoxController
Environment/NeonTubeDirectionalFL/BoxLight,BigMirrorEnvironment,Environment/NeonTubeDirectionalFL,2,Mesh,NeonLight,False,"[-8.100,0.020,7.750]","[0.000,90.000,90.000]","[0.025,500.000,0.025]",True,True,False,Transform|MeshRenderer|MeshFilter|ParametricBoxController
Environment/NeonTubeDirectionalL/BoxLight,BigMirrorEnvironment,Environment/NeonTubeDirectionalL,2,Mesh,NeonLight,False,"[-4.250,0.100,258.300]","[0.000,90.000,90.000]","[0.020,250.000,0.020]",True,True,False,Transform|MeshRenderer|MeshFilter|ParametricBoxController
Environment/NeonTubeDirectionalR/BoxLight,BigMirrorEnvironment,Environment/NeonTubeDirectionalR,2,Mesh,NeonLight,False,"[4.250,0.100,258.300]","[0.000,90.000,90.000]","[0.020,250.000,0.020]",True,True,False,Transform|MeshRenderer|MeshFilter|ParametricBoxController
Environment/Spectrograms/Spectrogram/Spectrogram0,BigMirrorEnvironment,Environment/Spectrograms/Spectrogram,3,Mesh,Default,False,"[13.000,7.000,27.750]","[270.020,0.000,0.000]","[1.000,1.000,1.000]",True,True,False,Transform|MeshFilter|MeshRenderer
Environment/BasicGameHUD/RightPanel/SongProgressCanvas/ProgressText/Progress,BigMirrorEnvironment,Environment/BasicGameHUD/RightPanel/SongProgressCanvas/ProgressText,5,Empty,UI,False,"[2.935,0.760,6.990]","[0.000,0.000,0.000]","[1.000,1.000,1.000]",True,False,False,RectTransform
Environment/NearBuildingLeft/NeonTube (2)/BoxLight,BigMirrorEnvironment,Environment/NearBuildingLeft/NeonTube (2),3,Mesh,NeonLight,False,"[-20.000,180.000,19.000]","[0.000,0.000,0.000]","[0.100,150.000,0.100]",False,True,False,Transform|MeshRenderer|MeshFilter|ParametricBoxController
Environment/NearBuildingLeft/NeonTube (2),BigMirrorEnvironment,Environment/NearBuildingLeft,2,Empty,NeonLight,False,"[-20.000,30.000,19.000]","[0.000,0.000,0.000]","[1.000,1.000,1.000]",False,False,False,Transform|TubeBloomPrePassLight|TubeBloomPrePassLightWithId
Environment/NearBuildingLeft/NeonTube (2)/BakedBloom,BigMirrorEnvironment,Environment/NearBuildingLeft/NeonTube (2),3,Mesh,NeonLight,False,"[-20.000,30.000,19.000]","[0.000,90.000,0.000]","[1.000,1.000,1.000]",False,True,False,Transform|MeshRenderer|MeshFilter|Parametric3SliceSpriteController
Environment/BasicGameHUD/EnergyPanel/FailIcon,BigMirrorEnvironment,Environment/BasicGameHUD/EnergyPanel,3,Empty,UI,False,"[0.000,-0.650,7.750]","[0.000,0.000,0.000]","[1.000,1.000,1.000]",True,False,False,RectTransform|CanvasRenderer|ImageView
Environment/BasicGameHUD/EnergyPanel/BarBG,BigMirrorEnvironment,Environment/BasicGameHUD/EnergyPanel,3,Empty,UI,False,"[0.000,-0.640,7.750]","[0.000,0.000,0.000]","[1.000,1.000,1.000]",True,False,False,RectTransform|CanvasRenderer|ImageView
Environment/BasicGameHUD/RightPanel/RecordingPanel,BigMirrorEnvironment,Environment/BasicGameHUD/RightPanel,3,Empty,DontShowInExternalMRCamera,False,"[3.200,0.230,7.000]","[0.000,0.000,0.000]","[0.010,0.010,0.010]",True,False,False,RectTransform|Canvas|CanvasScaler|RecordingUIController
Environment/NearBuildingRight/NeonTubeDirectional (1)/BoxLight,BigMirrorEnvironment,Environment/NearBuildingRight/NeonTubeDirectional (1),3,Mesh,NeonLight,False,"[17.450,-2.500,15.000]","[0.000,180.000,0.000]","[0.100,10.000,0.100]",False,True,False,Transform|MeshRenderer|MeshFilter|ParametricBoxController
Environment/NearBuildingRight/NeonTubeDirectional (1)/BakedBloom,BigMirrorEnvironment,Environment/NearBuildingRight/NeonTubeDirectional (1),3,Mesh,NeonLight,False,"[17.450,-2.500,15.000]","[0.000,90.000,0.000]","[1.000,1.000,1.000]",False,True,False,Transform|MeshRenderer|MeshFilter|Parametric3SliceSpriteController
Environment/NearBuildingRight/NeonTubeDirectional (1),BigMirrorEnvironment,Environment/NearBuildingRight,2,Empty,NeonLight,False,"[17.450,-2.500,15.000]","[0.000,180.000,0.000]","[1.000,1.000,1.000]",False,False,False,Transform|TubeBloomPrePassLight|TubeBloomPrePassLightWithId
Environment/BasicGameHUD/RightPanel/RecordingPanel/RecordingText,BigMirrorEnvironment,Environment/BasicGameHUD/RightPanel/RecordingPanel,4,Empty,DontShowInExternalMRCamera,False,"[3.292,0.216,7.000]","[0.000,0.000,0.000]","[0.700,1.000,1.000]",True,False,False,RectTransform|CanvasRenderer|CurvedTextMeshPro
Environment/NearBuildingLeft/NeonTubeDirectional/BoxLight,BigMirrorEnvironment,Environment/NearBuildingLeft/NeonTubeDirectional,3,Mesh,NeonLight,False,"[-17.450,0.000,19.000]","[0.000,0.000,0.000]","[0.100,10.000,0.100]",True,True,False,Transform|MeshRenderer|MeshFilter|ParametricBoxController
Environment/NearBuildingLeft/NeonTubeDirectional,BigMirrorEnvironment,Environment/NearBuildingLeft,2,Empty,NeonLight,False,"[-17.450,0.000,19.000]","[0.000,0.000,0.000]","[1.000,1.000,1.000]",True,False,False,Transform|TubeBloomPrePassLight|TubeBloomPrePassLightWithId
Environment/NearBuildingLeft/NeonTubeDirectional/BakedBloom,BigMirrorEnvironment,Environment/NearBuildingLeft/NeonTubeDirectional,3,Mesh,NeonLight,False,"[-17.450,0.000,19.000]","[0.000,270.000,0.000]","[1.000,1.000,1.000]",True,True,False,Transform|MeshRenderer|MeshFilter|Parametric3SliceSpriteController
Environment/CoreLighting/LightWrapper0,BigMirrorEnvironment,Environment/CoreLighting,2,Empty,Default,False,"[0.000,5.000,40.000]","[0.000,0.000,0.000]","[1.000,1.000,1.000]",True,False,False,Transform|LightRotationEventEffect
Environment/PlayersPlace/Collider,BigMirrorEnvironment,Environment/PlayersPlace,2,Empty,PlayersPlace,False,"[0.000,-0.090,0.000]","[0.000,0.000,0.000]","[1.000,1.000,1.000]",False,False,True,Transform|BoxCollider
Environment/CoreLighting/DirectionalLight,BigMirrorEnvironment,Environment/CoreLighting,2,Empty,Default,False,"[0.000,-2.000,30.000]","[333.000,180.000,180.000]","[1.000,1.000,1.000]",True,False,False,Transform|DirectionalLight|DirectionalLightWithIds
Environment/BSBakedLightingLightWithIds,BigMirrorEnvironment,Environment,1,Empty,Environment,False,"[0.000,0.000,0.000]","[0.000,0.000,0.000]","[1.000,1.000,1.000]",False,False,False,Transform|LightmapLightsWithIds
Environment/BakedReflectionProbe,BigMirrorEnvironment,Environment,1,Empty,Default,False,"[0.000,1.500,5.000]","[0.000,0.000,0.000]","[1.000,1.000,1.000]",True,False,False,Transform|BakedReflectionProbe
Environment/NearBuildingRight/NeonTube (2),BigMirrorEnvironment,Environment/NearBuildingRight,2,Empty,NeonLight,False,"[20.000,30.000,19.000]","[0.000,0.000,0.000]","[1.000,1.000,1.000]",False,False,False,Transform|TubeBloomPrePassLight|TubeBloomPrePassLightWithId
Environment/NearBuildingRight/NeonTube (2)/BakedBloom,BigMirrorEnvironment,Environment/NearBuildingRight/NeonTube (2),3,Mesh,NeonLight,False,"[20.000,30.000,19.000]","[0.000,90.000,0.000]","[1.000,1.000,1.000]",False,True,False,Transform|MeshRenderer|MeshFilter|Parametric3SliceSpriteController
Environment/NearBuildingRight/NeonTube (2)/BoxLight,BigMirrorEnvironment,Environment/NearBuildingRight/NeonTube (2),3,Mesh,NeonLight,False,"[20.000,180.000,19.000]","[0.000,0.000,0.000]","[0.100,150.000,0.100]",False,True,False,Transform|MeshRenderer|MeshFilter|ParametricBoxController
Environment/BasicGameHUD/RightPanel/SongProgressCanvas/Slider/Handle Slide Area,BigMirrorEnvironment,Environment/BasicGameHUD/RightPanel/SongProgressCanvas/Slider,5,Empty,UI,False,"[3.200,0.940,6.990]","[0.000,0.000,0.000]","[1.000,1.000,1.000]",True,False,False,RectTransform
Environment/BasicGameHUD/RightPanel/SongProgressCanvas/ProgressText/Progress/ProgressSeconds,BigMirrorEnvironment,Environment/BasicGameHUD/RightPanel/SongProgressCanvas/ProgressText/Progress,6,Empty,UI,False,"[3.050,0.620,6.990]","[0.000,0.000,0.000]","[1.000,1.000,1.000]",True,False,False,RectTransform|CanvasRenderer|CurvedTextMeshPro
Environment/BasicGameHUD/RightPanel/SongProgressCanvas/Slider/Background,BigMirrorEnvironment,Environment/BasicGameHUD/RightPanel/SongProgressCanvas/Slider,5,Empty,UI,False,"[3.200,0.940,6.990]","[0.000,0.000,0.000]","[1.000,1.000,1.000]",True,False,False,RectTransform|CanvasRenderer|ImageView
Environment/BasicGameHUD/RightPanel/SongProgressCanvas/Progress,BigMirrorEnvironment,Environment/BasicGameHUD/RightPanel/SongProgressCanvas,4,Empty,UI,False,"[2.700,0.970,6.990]","[0.000,0.000,0.000]","[1.000,1.000,1.000]",True,False,False,RectTransform|CanvasRenderer|ImageView
Environment/BasicGameHUD/RightPanel/SongProgressCanvas/Slider,BigMirrorEnvironment,Environment/BasicGameHUD/RightPanel/SongProgressCanvas,4,Empty,UI,False,"[3.200,0.980,6.990]","[0.000,0.000,0.000]","[1.000,1.000,1.000]",True,False,False,RectTransform|Canvas|Slider
Environment/BasicGameHUD/RightPanel/SongProgressCanvas/ProgressText/Duration/DurationMinutes,BigMirrorEnvironment,Environment/BasicGameHUD/RightPanel/SongProgressCanvas/ProgressText/Duration,6,Empty,UI,False,"[3.280,0.620,6.990]","[0.000,0.000,0.000]","[1.000,1.000,1.000]",True,False,False,RectTransform|CanvasRenderer|CurvedTextMeshPro
Environment/BasicGameHUD/RightPanel/SongProgressCanvas,BigMirrorEnvironment,Environment/BasicGameHUD/RightPanel,3,Empty,UI,False,"[3.200,0.800,6.990]","[0.000,0.000,0.000]","[0.020,0.020,0.020]",True,False,False,RectTransform|SongProgressUIController|Canvas|CanvasScaler
Environment/BasicGameHUD/RightPanel/SongProgressCanvas/ProgressText/Duration/DurationSeconds,BigMirrorEnvironment,Environment/BasicGameHUD/RightPanel/SongProgressCanvas/ProgressText/Duration,6,Empty,UI,False,"[3.560,0.620,6.990]","[0.000,0.000,0.000]","[1.000,1.000,1.000]",True,False,False,RectTransform|CanvasRenderer|CurvedTextMeshPro
Environment/BasicGameHUD/RightPanel/SongProgressCanvas/Slider/Handle Slide Area/Handle,BigMirrorEnvironment,Environment/BasicGameHUD/RightPanel/SongProgressCanvas/Slider/Handle Slide Area,6,Empty,UI,False,"[2.700,0.900,6.990]","[0.000,0.000,0.000]","[1.000,1.000,1.000]",True,False,False,RectTransform|CanvasRenderer|ImageView
Environment/BasicGameHUD/RightPanel/SongProgressCanvas/ProgressText/Progress/ProgressMinutes,BigMirrorEnvironment,Environment/BasicGameHUD/RightPanel/SongProgressCanvas/ProgressText/Progress,6,Empty,UI,False,"[2.764,0.620,6.990]","[0.000,0.000,0.000]","[1.000,1.000,1.000]",True,False,False,RectTransform|CanvasRenderer|CurvedTextMeshPro
Environment/BasicGameHUD/LeftPanel/ComboPanel/Line1,BigMirrorEnvironment,Environment/BasicGameHUD/LeftPanel/ComboPanel,4,Empty,UI,False,"[-3.200,1.480,7.000]","[0.000,0.000,0.000]","[1.000,1.000,1.000]",True,False,False,RectTransform|CanvasRenderer|ImageView
Environment/FakeMirrorSettings,BigMirrorEnvironment,Environment,1,Empty,Default,False,"[0.000,0.000,0.000]","[0.000,0.000,0.000]","[1.000,1.000,1.000]",False,False,False,Transform|FakeMirrorSettings
Environment/CoreLighting/LightWrapper1,BigMirrorEnvironment,Environment/CoreLighting,2,Empty,Default,False,"[0.000,5.000,40.000]","[0.000,0.000,0.000]","[1.000,1.000,1.000]",True,False,False,Transform|LightRotationEventEffect
Environment/BasicGameHUD/EnergyPanel/EnergyBarWrapper,BigMirrorEnvironment,Environment/BasicGameHUD/EnergyPanel,3,Empty,UI,False,"[0.000,-0.640,7.750]","[0.000,0.000,0.000]","[1.000,1.000,1.000]",True,False,False,RectTransform
Environment/FrontLights/NeonTube (1)/BoxLight,BigMirrorEnvironment,Environment/FrontLights/NeonTube (1),3,Mesh,NeonLight,False,"[-0.974,3.933,65.000]","[0.000,0.000,305.000]","[0.100,1.250,0.100]",True,True,False,Transform|MeshRenderer|MeshFilter|ParametricBoxController
Environment/FrontLights/NeonTube (1)/BakedBloom,BigMirrorEnvironment,Environment/FrontLights/NeonTube (1),3,Mesh,NeonLight,False,"[0.050,4.650,65.000]","[55.000,90.000,0.000]","[1.000,1.000,1.000]",True,True,False,Transform|MeshRenderer|MeshFilter|Parametric3SliceSpriteController
Environment/FrontLights/NeonTube (1),BigMirrorEnvironment,Environment/FrontLights,2,Empty,NeonLight,False,"[0.050,4.650,65.000]","[0.000,0.000,305.000]","[1.000,1.000,1.000]",True,False,False,Transform|TubeBloomPrePassLight|TubeBloomPrePassLightWithId
Environment/Spectrograms/Spectrogram/Spectrogram1,BigMirrorEnvironment,Environment/Spectrograms/Spectrogram,3,Mesh,Default,False,"[-13.000,7.000,30.000]","[270.020,0.000,0.000]","[1.000,1.000,1.000]",True,True,False,Transform|MeshFilter|MeshRenderer
Environment/FrontLights/NeonTube/BakedBloom,BigMirrorEnvironment,Environment/FrontLights/NeonTube,3,Mesh,NeonLight,False,"[-0.050,4.650,65.000]","[305.000,90.000,0.000]","[1.000,1.000,1.000]",True,True,False,Transform|MeshRenderer|MeshFilter|Parametric3SliceSpriteController
Environment/FrontLights/NeonTube,BigMirrorEnvironment,Environment/FrontLights,2,Empty,NeonLight,False,"[-0.050,4.650,65.000]","[0.000,0.000,55.000]","[1.000,1.000,1.000]",True,False,False,Transform|TubeBloomPrePassLight|TubeBloomPrePassLightWithId
Environment/FrontLights/NeonTube/BoxLight,BigMirrorEnvironment,Environment/FrontLights/NeonTube,3,Mesh,NeonLight,False,"[0.974,3.933,65.000]","[0.000,0.000,55.000]","[0.100,1.250,0.100]",True,True,False,Transform|MeshRenderer|MeshFilter|ParametricBoxController
Environment/CoreLighting,BigMirrorEnvironment,Environment,1,Empty,Default,False,"[0.000,0.000,0.000]","[0.000,0.000,0.000]","[1.000,1.000,1.000]",False,False,False,Transform
Environment/CoreLighting/LightManager,BigMirrorEnvironment,Environment/CoreLighting,2,Empty,Default,False,"[0.000,0.000,0.000]","[0.000,0.000,0.000]","[1.000,1.000,1.000]",False,False,False,Transform|LightManager
Environment/NearBuildingRight/NeonTubeDirectional/BoxLight,BigMirrorEnvironment,Environment/NearBuildingRight/NeonTubeDirectional,3,Mesh,NeonLight,False,"[17.450,0.000,19.000]","[0.000,180.000,0.000]","[0.100,10.000,0.100]",True,True,False,Transform|MeshRenderer|MeshFilter|ParametricBoxController
Environment/NearBuildingRight/NeonTubeDirectional,BigMirrorEnvironment,Environment/NearBuildingRight,2,Empty,NeonLight,False,"[17.450,0.000,19.000]","[0.000,180.000,0.000]","[1.000,1.000,1.000]",True,False,False,Transform|TubeBloomPrePassLight|TubeBloomPrePassLightWithId
Environment/NearBuildingRight/NeonTubeDirectional/BakedBloom,BigMirrorEnvironment,Environment/NearBuildingRight/NeonTubeDirectional,3,Mesh,NeonLight,False,"[17.450,0.000,19.000]","[0.000,90.000,0.000]","[1.000,1.000,1.000]",True,True,False,Transform|MeshRenderer|MeshFilter|Parametric3SliceSpriteController
Environment/BasicGameHUD/RightPanel/SongProgressCanvas/ProgressText/Duration,BigMirrorEnvironment,Environment/BasicGameHUD/RightPanel/SongProgressCanvas/ProgressText,5,Empty,UI,False,"[3.180,0.760,6.990]","[0.000,0.000,0.000]","[1.000,1.000,1.000]",True,False,False,RectTransform
