ObjectName,"ObjectType (from static file, if available)",StartFrame,EndFrame,StartPosition,EndPosition,AvgSpeed,VisibilityRatio,SizeChange,RelativeSize,PathSummary
zoneDESERT/SandSea/Pillars/cliffDesert19 (3),Mesh,8,12,"[535.3,1086.3,1440.001]","[-543.3,1086.3,-196.0]",979.7802345425479,1.0,stable,huge,"Overall: moves quickly along a long, primarily horizontal path with flat vertical variation. Phases: moves across the scene."
zoneDESERT/SandSea/Pillars/cliffDesert19 (9),Mesh,8,12,"[673.001,1070.0,1125.0]","[-681.0,1070.0,119.0]",843.4089618923017,1.0,stable,huge,"Overall: moves quickly along a long, primarily horizontal path with flat vertical variation. Phases: moves across the scene."
zoneDESERT/SandSea/Pillars/cliffDesert19 (11),Mesh,8,12,"[737.1,1070.0,382.2]","[-745.101,1070.0,861.8]",778.9313134675291,1.0,stable,huge,"Overall: moves quickly along a long, primarily horizontal path with flat vertical variation. Phases: moves across the scene."
zoneDESERT/SandSea/Pillars/cliffDesert19 (10),Mesh,8,12,"[-688.301,1070.0,750.5]","[680.3,1070.0,493.5]",696.2610317260691,1.0,stable,huge,"Overall: moves quickly along a long, primarily horizontal path with flat vertical variation. Phases: moves across the scene."
zoneDESERT/SandSea/Pillars/cliffDesert19 (8),Mesh,8,12,"[-873.0,1070.0,237.0]","[381.0,1070.0,-247.0]",672.0810962971656,1.0,stable,huge,"Overall: moves quickly along a long, primarily horizontal path with flat vertical variation. Phases: moves across the scene."
zoneDESERT/SandSea/Pillars/cliffDesert19 (4),Mesh,8,12,"[676.2,1070.0,-39.0]","[657.001,1070.0,1302.201]",670.6692038557459,1.0,stable,huge,"Overall: moves quickly along a long, primarily horizontal path with flat vertical variation. Phases: moves across the scene."
zoneDESERT/SandSea/Pillars/cliffDesert19 (5),Mesh,8,12,"[843.9,1070.0,415.4]","[-210.6,1070.0,-225.9]",617.0972249167874,1.0,stable,huge,"Overall: moves quickly along a long, primarily horizontal path with flat vertical variation. Phases: moves across the scene."
zoneDESERT/SandSea/Pillars/cliffDesert19,Mesh,8,12,"[618.0,990.8,84.0]","[-542.0,990.8,0.0]",581.5187013329838,1.0,stable,huge,"Overall: moves quickly along a long, primarily horizontal path with flat vertical variation. Phases: moves across the scene."
zoneDESERT/SandSea/Pillars/cliffDesert19 (1),Mesh,8,12,"[-713.361,996.5,223.092]","[394.908,996.5,-87.36]",575.465164163957,1.0,stable,huge,"Overall: moves quickly along a long, primarily horizontal path with flat vertical variation. Phases: moves across the scene."
zoneDESERT/SandSea/Pillars/cliffDesert19 (7),Mesh,8,12,"[-773.881,993.0,472.991]","[145.009,993.0,-147.88]",554.4906741192767,1.0,stable,huge,"Overall: moves quickly along a long, primarily horizontal path with flat vertical variation. Phases: moves across the scene."
zoneDESERT/SandSea/Pillars/cliffDesert19 (2),Mesh,8,12,"[574.2,988.7,355.5]","[-270.5,988.7,43.8]",450.1874554005254,1.0,stable,huge,"Overall: moves quickly along a long, primarily horizontal path with flat vertical variation. Phases: moves across the scene."
zoneDESERT/SandSea/Pillars/cliffDesert19 (12),Mesh,8,12,"[-507.75,949.1,273.4]","[344.6,949.1,118.25]",433.17780558334243,1.0,stable,huge,"Overall: moves quickly along a long, primarily horizontal path with flat vertical variation. Phases: moves across the scene."
zoneDESERT/SandSea/Pillars/cliffDesert19 (6),Mesh,8,12,"[280.3,993.0,974.2]","[348.2,993.0,337.7]",320.05572171107957,1.0,stable,huge,"Overall: moves quickly along a long, primarily horizontal path with flat vertical variation. Phases: moves across the scene."
zoneVALLEY/cellValley_RaceTrack2/Sector/Mountains/mtnBluffQuar01 (1)/mountaintop,Mesh,8,12,"[-236.612,23.805,-1085.647]","[-92.69,39.481,-830.408]",293.4386242146728,1.0,stable,huge,"Overall: moves quickly along a long, primarily horizontal path with large vertical variation. Phases: ascends and moves across the scene; descends and moves across the scene; ascends and moves across the scene; descends and moves across the scene."
zoneVALLEY/cellValley_RaceTrack2/Sector/Mountains/mtnBluffQuar01 (2)/mountaintop,Mesh,8,12,"[-111.5,40.0,-812.0]","[-284.5,37.461,-1014.0]",265.9688826178732,1.0,stable,huge,"Overall: moves quickly along a long, primarily horizontal path with large vertical variation. Phases: descends and moves across the scene; ascends and moves across the scene; descends and moves across the scene; ascends and moves across the scene."
zoneMOCHI/cellVALLEY_MochiEstate/Sector/Mountains/mtnSpireQuar03 (6)/mountaintop,Mesh,8,12,"[346.8,52.111,-950.42]","[198.38,46.082,-735.8]",261.0107079048674,1.0,stable,huge,"Overall: moves quickly along a long, primarily horizontal path with large vertical variation. Phases: descends and moves across the scene; ascends and moves across the scene; descends and moves across the scene; ascends and moves across the scene."
cratePinkParty(Clone)/partyBoxRibbon,Mesh,9,12,"[-189.139,7.48,765.642]","[116.75,17.406,352.01]",1078.8570384324728,1.0,stable,tiny,"Overall: moves quickly along a long, primarily horizontal path with large vertical variation. Phases: ascends and moves across the scene; descends and moves across the scene; ascends and moves across the scene; descends and moves across the scene."
cratePinkParty(Clone),PhysicsBody,9,12,"[-189.139,7.48,765.642]","[116.75,17.406,352.01]",1078.8570384324728,1.0,stable,tiny,"Overall: moves quickly along a long, primarily horizontal path with large vertical variation. Phases: ascends and moves across the scene; descends and moves across the scene; ascends and moves across the scene; descends and moves across the scene."
zoneVALLEY/cellValley_RaceTrack2/Sector/Mountains/mtnBluffQuar01/mountaintop,Mesh,8,12,"[-67.75,40.0,-849.918]","[-280.74,24.75,-908.52]",221.43056926269236,1.0,stable,huge,"Overall: moves quickly along a long, primarily horizontal path with large vertical variation. Phases: descends and moves across the scene; ascends and moves across the scene; descends and moves across the scene; ascends and moves across the scene."
zoneVALLEY/cellValley_RaceTrack2/Sector/Cliffs/valley_rockPillar01 (2),Mesh,8,12,"[-130.68,18.1,-839.51]","[-214.82,8.761,-1042.248]",219.70310231082314,1.0,stable,huge,"Overall: moves quickly along a long, primarily horizontal path with large vertical variation. Phases: descends and moves across the scene; ascends and moves across the scene; descends and moves across the scene; ascends and moves across the scene."
zoneVALLEY/cellValley_RaceTrack2/Sector/Cliffs/valley_rockPillar01 (1),Mesh,8,12,"[-148.98,-0.797,-834.82]","[-229.06,11.221,-1019.288]",201.45888351720802,1.0,stable,huge,"Overall: moves quickly along a long, primarily horizontal path with large vertical variation. Phases: ascends and moves across the scene; descends and moves across the scene; ascends and moves across the scene; descends and moves across the scene."
zoneQUARRY/cellQuarry_AshIsle/Sector/Mountains/mtnBluffQuar02 (2)/mountaintop,Mesh,8,12,"[422.1,43.234,744.2]","[285.5,-6.6,613.8]",195.31294774284686,1.0,stable,huge,"Overall: moves quickly along a long, primarily horizontal path with large vertical variation. Phases: descends and moves across the scene; ascends and moves across the scene; descends and moves across the scene; ascends and moves across the scene."
zoneMOSS/cellMoss_Archipelago/Sector/Solid Filler/areaCrag02/areaCragChunk02,Mesh,8,12,"[-423.085,3.13,904.397]","[-363.456,6.17,723.129]",190.84796845919007,1.0,stable,huge,"Overall: moves quickly along a long, primarily horizontal path with large vertical variation. Phases: ascends and moves across the scene; descends and moves across the scene; ascends and moves across the scene; descends and moves across the scene."
zoneMOSS/cellMoss_Archipelago/Sector/Solid Filler/areaCrag02/areaCragChunk03,Mesh,8,12,"[-420.464,2.344,904.101]","[-365.978,5.384,723.899]",188.28363338325505,1.0,stable,huge,"Overall: moves quickly along a long, primarily horizontal path with large vertical variation. Phases: ascends and moves across the scene; descends and moves across the scene; ascends and moves across the scene; descends and moves across the scene."
zoneMOSS/cellMoss_Archipelago/Sector/Solid Filler/areaCrag02/areaCragChunk01,Mesh,8,12,"[-421.648,4.024,903.585]","[-364.72,7.064,724.19]",188.2355035826132,1.0,stable,huge,"Overall: moves quickly along a long, primarily horizontal path with large vertical variation. Phases: ascends and moves across the scene; descends and moves across the scene; ascends and moves across the scene; descends and moves across the scene."
zoneMOSS/cellMoss_Archipelago/Sector/Solid Filler/areaCrag02/areaCragChunk05,Mesh,8,12,"[-423.398,2.362,902.545]","[-362.809,5.402,724.892]",187.7254828998982,1.0,stable,huge,"Overall: moves quickly along a long, primarily horizontal path with large vertical variation. Phases: ascends and moves across the scene; descends and moves across the scene; ascends and moves across the scene; descends and moves across the scene."
zoneMOSS/cellMoss_Archipelago/Sector/Build Sites/siteGadget/siteBase/Light Column,Mesh,8,12,"[-379.65,-4.34,703.15]","[-345.873,-6.971,886.53]",186.4833297911639,1.0,stable,huge,"Overall: moves quickly along a long, primarily horizontal path with large vertical variation. Phases: descends and moves across the scene; ascends and moves across the scene; descends and moves across the scene; ascends and moves across the scene."
zoneMOSS/cellMoss_Archipelago/Sector/Solid Filler/areaCrag02/areaCragChunk04,Mesh,8,12,"[-421.15,1.828,902.438]","[-365.0,4.868,725.408]",185.74629202220967,1.0,stable,huge,"Overall: moves quickly along a long, primarily horizontal path with large vertical variation. Phases: ascends and moves across the scene; descends and moves across the scene; ascends and moves across the scene; descends and moves across the scene."
zoneVALLEY/cellValley_RaceTrack2/Sector/Flora/valley_tree03 (1),Mesh,8,12,"[-223.667,16.93,-863.849]","[-119.351,18.44,-1015.456]",184.0347532532918,1.0,stable,huge,"Overall: moves quickly along a long, primarily horizontal path with moderate vertical variation. Phases: ascends and moves across the scene; descends and moves across the scene; ascends and moves across the scene; descends and moves across the scene."
zoneVALLEY/cellValley_RaceTrack2/Sector/Flora/valley_tree03 (1)/LOD2,Mesh,8,12,"[-223.667,16.93,-863.849]","[-119.351,18.44,-1015.456]",184.0347532532918,1.0,stable,huge,"Overall: moves quickly along a long, primarily horizontal path with moderate vertical variation. Phases: ascends and moves across the scene; descends and moves across the scene; ascends and moves across the scene; descends and moves across the scene."
zoneVALLEY/cellValley_RaceTrack2/Sector/Flora/valley_tree03 (1)/LOD1,Mesh,8,12,"[-223.667,16.93,-863.849]","[-119.351,18.44,-1015.456]",184.0347532532918,1.0,stable,huge,"Overall: moves quickly along a long, primarily horizontal path with moderate vertical variation. Phases: ascends and moves across the scene; descends and moves across the scene; ascends and moves across the scene; descends and moves across the scene."
zoneVALLEY/cellValley_RaceTrack2/Sector/Cliffs/valley_rockLip01,Mesh,8,12,"[-279.46,18.63,-852.24]","[-228.147,6.36,-1019.964]",175.82638324494994,1.0,stable,huge,"Overall: moves quickly along a long, primarily horizontal path with large vertical variation. Phases: descends and moves across the scene; ascends and moves across the scene; descends and moves across the scene; ascends and moves across the scene."
zoneVALLEY/cellValley_RaceTrack2/Sector/Flora/valley_tree02 (1)/LOD1,Mesh,8,12,"[-220.16,30.35,-812.19]","[-193.11,6.59,-984.27]",175.80604796195144,1.0,stable,huge,"Overall: moves quickly along a long, primarily horizontal path with large vertical variation. Phases: descends and moves across the scene; ascends and moves across the scene; descends and moves across the scene; ascends and moves across the scene."
zoneRUINSTransition/cellReef_RuinsGardenOfTranquility/Sector/Mountains/mtnSpireMoss04 (2)/mountaintop,Mesh,8,12,"[-51.1,47.3,491.1]","[112.811,41.0,430.1]",175.0071596278278,1.0,stable,huge,"Overall: moves quickly along a long, primarily horizontal path with large vertical variation. Phases: descends and moves across the scene; ascends and moves across the scene; descends and moves across the scene; ascends and moves across the scene."
zoneDESERT/cellDesert_ScorchedPlainsNorthEast/Sector/Cliffs/glassShard03,Mesh,8,12,"[74.195,1030.937,569.59]","[195.09,1091.79,679.35]",174.25827450654964,1.0,stable,huge,"Overall: moves quickly along a long, primarily horizontal path with large vertical variation. Phases: ascends and moves across the scene; descends and moves across the scene; ascends and moves across the scene; descends and moves across the scene."
zoneQUARRY/cellQuarry_AshIsle/Sector/Solid Filler/rockCrag02,Mesh,8,12,"[500.61,6.208,729.47]","[358.76,-1.836,643.29]",166.17196164214954,1.0,stable,huge,"Overall: moves quickly along a long, primarily horizontal path with large vertical variation. Phases: descends and moves across the scene; ascends and moves across the scene; descends and moves across the scene; ascends and moves across the scene."
zoneVALLEY/cellValley_RaceTrack2/Sector/Solid Filler/valley_mtnBase04,Mesh,8,12,"[-273.42,17.93,-856.3]","[-142.944,9.18,-958.61]",166.03579486363782,1.0,stable,huge,"Overall: moves quickly along a long, primarily horizontal path with large vertical variation. Phases: descends and moves across the scene; ascends and moves across the scene; descends and moves across the scene; ascends and moves across the scene."
zoneVALLEY/cellValley_RaceTrack2/Sector/Main Nav/areaRamp01,Mesh,8,12,"[-253.55,14.861,-908.299]","[-94.74,17.721,-860.418]",165.89570778353487,1.0,stable,huge,"Overall: moves quickly along a long, primarily horizontal path with large vertical variation. Phases: ascends and moves across the scene; descends and moves across the scene; ascends and moves across the scene; descends and moves across the scene."
zoneDESERT/cellDesert_RuinsEnd/Sector/Solid Filler/ruinDesertPlanter01,Mesh,8,12,"[-121.76,1035.95,38.2]","[35.4,1002.415,63.13]",162.62031461351933,1.0,stable,huge,"Overall: moves quickly along a long, primarily horizontal path with large vertical variation. Phases: descends and moves across the scene; ascends and moves across the scene; descends and moves across the scene; ascends and moves across the scene."
zoneSEA/cellSea_Vault001/Sector/Flora/mossDrape05 (1)/drapeMoss02,Mesh,8,12,"[817.67,32.85,106.57]","[972.97,12.73,68.56]",161.14485564236924,1.0,stable,huge,"Overall: moves quickly along a long, primarily horizontal path with large vertical variation. Phases: descends and moves across the scene; ascends and moves across the scene; descends and moves across the scene; ascends and moves across the scene."
zoneMOSS/cellMoss_Archipelago/Sector/Constructs/woodBridgeBroke02,Mesh,8,12,"[-378.74,-3.49,730.8]","[-400.96,-3.95,890.14]",160.8824900354293,1.0,stable,huge,"Overall: moves quickly along a long, primarily horizontal path with flat vertical variation. Phases: descends and moves across the scene; ascends and moves across the scene; descends and moves across the scene; ascends and moves across the scene."
zoneVALLEY/cellValley_RaceTrack1/Sector/Solid Filler/valley_rockLip02 (2),Mesh,8,12,"[-710.243,16.262,-928.21]","[-689.22,23.94,-768.92]",160.85466208040108,1.0,stable,huge,"Overall: moves quickly along a long, primarily horizontal path with large vertical variation. Phases: ascends and moves across the scene; descends and moves across the scene; ascends and moves across the scene; descends and moves across the scene."
zoneVALLEY/cellValley_RaceTrack1/Sector/Mountains/mtnBluffQuar02/mountaintop,Mesh,8,12,"[-683.08,32.72,-971.71]","[-703.05,30.241,-814.479]",158.51351267951887,1.0,stable,huge,"Overall: moves quickly along a long, primarily horizontal path with large vertical variation. Phases: descends and moves across the scene; ascends and moves across the scene; descends and moves across the scene; ascends and moves across the scene."
zoneVALLEY/cellValley_RaceTrack1/Sector/Solid Filler/valley_rockLip02 (1),Mesh,8,12,"[-628.88,18.45,-775.3]","[-686.16,12.62,-922.75]",158.2924186434714,1.0,stable,huge,"Overall: moves quickly along a long, primarily horizontal path with large vertical variation. Phases: descends and moves across the scene; ascends and moves across the scene; descends and moves across the scene; ascends and moves across the scene."
zoneVALLEY/cellValley_RaceTrack2/Sector/Solid Filler/valley_ramp04,Mesh,8,12,"[-118.32,8.76,-845.738]","[-243.904,10.43,-941.51]",157.94431278143568,1.0,stable,huge,"Overall: moves quickly along a long, primarily horizontal path with large vertical variation. Phases: descends and moves across the scene; ascends and moves across the scene; descends and moves across the scene; ascends and moves across the scene."
zoneVALLEY/cellValley_RaceTrack2/Sector/Main Nav/valley_platform01 (1),Mesh,8,12,"[-225.25,24.317,-1006.06]","[-241.4,16.651,-849.548]",157.52966768199565,1.0,stable,huge,"Overall: moves quickly along a long, primarily horizontal path with large vertical variation. Phases: descends and moves across the scene; ascends and moves across the scene; descends and moves across the scene; ascends and moves across the scene."
zoneREEF/cellReef_RingIsland/Sector/Rocks/rockCrag01 (29),Mesh,8,12,"[-634.117,-8.67,-236.752]","[-530.087,-4.74,-119.222]",157.00632694257897,1.0,stable,huge,"Overall: moves quickly along a long, primarily horizontal path with large vertical variation. Phases: ascends and moves across the scene; descends and moves across the scene; ascends and moves across the scene; descends and moves across the scene."
zoneVALLEY/cellValley_RaceTrack2/Sector/Grass/grassValleyColony02 (2)/grassThinColony02_LOD2,Mesh,8,12,"[-151.585,19.051,-1036.94]","[-247.12,16.199,-859.9]",201.1920270015689,1.0,stable,large,"Overall: moves quickly along a long, primarily horizontal path with large vertical variation. Phases: ascends and moves across the scene; descends and moves across the scene; ascends and moves across the scene; descends and moves across the scene."
zoneVALLEY/cellValley_RaceTrack1/Sector/Solid Filler/valley_rockLip02,Mesh,8,12,"[-664.5,23.571,-764.949]","[-673.66,11.88,-920.68]",156.43762156847055,1.0,stable,huge,"Overall: moves quickly along a long, primarily horizontal path with large vertical variation. Phases: descends and moves across the scene; ascends and moves across the scene; descends and moves across the scene; ascends and moves across the scene."
zoneVALLEY/cellValley_RaceTrack1/Sector/Grass/grassValleyColony02 (3)/grassThinColony02_LOD3,Mesh,8,12,"[-607.851,19.641,-909.256]","[-771.692,21.388,-795.995]",199.1857911875242,1.0,stable,large,"Overall: moves quickly along a long, primarily horizontal path with moderate vertical variation. Phases: ascends and moves across the scene; descends and moves across the scene; ascends and moves across the scene; descends and moves across the scene."
zoneVALLEY/cellValley_RaceTrack1/Sector/Grass/grassValleyColony02 (3)/grassThinColony02_LOD1,Mesh,8,12,"[-607.851,19.641,-909.256]","[-771.692,21.388,-795.995]",199.1857911875242,1.0,stable,large,"Overall: moves quickly along a long, primarily horizontal path with moderate vertical variation. Phases: ascends and moves across the scene; descends and moves across the scene; ascends and moves across the scene; descends and moves across the scene."
zoneVALLEY/cellValley_RaceTrack1/Sector/Grass/grassValleyColony02 (3)/grassThinColony02_LOD0,Mesh,8,12,"[-607.851,19.641,-909.256]","[-771.692,21.388,-795.995]",199.1857911875242,1.0,stable,large,"Overall: moves quickly along a long, primarily horizontal path with moderate vertical variation. Phases: ascends and moves across the scene; descends and moves across the scene; ascends and moves across the scene; descends and moves across the scene."
zoneVALLEY/cellValley_RaceTrack1/Sector/Grass/grassValleyColony02 (3)/grassThinColony02_LOD2,Mesh,8,12,"[-771.692,21.388,-795.995]","[-607.851,19.641,-909.256]",199.1857911875242,1.0,stable,large,"Overall: moves quickly along a long, primarily horizontal path with moderate vertical variation. Phases: descends and moves across the scene; ascends and moves across the scene; descends and moves across the scene; ascends and moves across the scene."
zoneVALLEY/cellValley_RaceTrack1/Sector/Solid Filler/valley_rockLip01,Mesh,8,12,"[-751.03,10.78,-944.8]","[-719.976,21.31,-794.014]",154.31023819565564,1.0,stable,huge,"Overall: moves quickly along a long, primarily horizontal path with large vertical variation. Phases: ascends and moves across the scene; descends and moves across the scene; ascends and moves across the scene; descends and moves across the scene."
zoneREEF/cellReef_RingIsland/Sector/Rocks/rockCrag01 (30),Mesh,8,12,"[-633.567,-9.76,-228.082]","[-524.187,-9.2,-119.552]",154.08782852646084,1.0,stable,huge,"Overall: moves quickly along a long, primarily horizontal path with moderate vertical variation. Phases: ascends and moves across the scene; descends and moves across the scene; ascends and moves across the scene; descends and moves across the scene."
zoneDESERT/cellDesert_SilentSentinels/Sector/Cliffs/cliffDesert15,Mesh,8,12,"[39.043,1022.645,397.577]","[-82.09,1024.598,492.138]",153.68409357835313,1.0,stable,huge,"Overall: moves quickly along a long, primarily horizontal path with moderate vertical variation. Phases: ascends and moves across the scene; descends and moves across the scene; ascends and moves across the scene; descends and moves across the scene."
zoneMOSS/cellMoss_Forest/Sector/Cliffs/cliffWallMoss01 (1),Mesh,8,12,"[-304.966,0.3,336.728]","[-286.06,0.3,489.16]",153.59997220051835,1.0,stable,huge,"Overall: moves quickly along a long, primarily horizontal path with flat vertical variation. Phases: moves across the scene."
zoneDESERT/cellDesert_ScorchedPlainsNorthEast/Sector/Cliffs/glassShard04,Mesh,8,12,"[184.52,1080.08,680.89]","[92.716,1027.962,569.387]",153.54862210062325,1.0,stable,huge,"Overall: moves quickly along a long, primarily horizontal path with large vertical variation. Phases: descends and moves across the scene; ascends and moves across the scene; descends and moves across the scene; ascends and moves across the scene."
zoneREEF/cellReef_RingIsland/Sector/Rocks/rockCrag01 (27),Mesh,8,12,"[-633.567,-0.97,-227.452]","[-521.897,-4.34,-122.392]",153.35954290490042,1.0,stable,huge,"Overall: moves quickly along a long, primarily horizontal path with large vertical variation. Phases: descends and moves across the scene; ascends and moves across the scene; descends and moves across the scene; ascends and moves across the scene."
zoneMOSS/cellMoss_Coast/Sector/Build Sites/siteGadget/siteBase/Light Column,Mesh,8,12,"[-384.2,4.438,618.0]","[-520.476,-0.6,548.634]",152.99729270807376,1.0,stable,huge,"Overall: moves quickly along a long, primarily horizontal path with large vertical variation. Phases: moves across the scene; descends and moves across the scene; ascends and moves across the scene; moves across the scene."
zoneVALLEY/cellValley_RaceTrack1/Sector/Deco/valley_ore_pebbles_02,Mesh,8,12,"[-627.71,24.781,-893.689]","[-749.132,33.78,-803.98]",151.23487946237788,1.0,stable,huge,"Overall: moves quickly along a long, primarily horizontal path with large vertical variation. Phases: ascends and moves across the scene; descends and moves across the scene; ascends and moves across the scene; descends and moves across the scene."
zoneMOSS/cellMoss_Forest/Sector/Cliffs/cliffWallMoss01 (2),Mesh,8,12,"[-262.82,0.3,488.72]","[-323.006,0.3,351.208]",150.10631145957854,1.0,stable,huge,"Overall: moves quickly along a long, primarily horizontal path with flat vertical variation. Phases: moves across the scene."
zoneQUARRY/cellQuarry_CrystalVolcano/Sector/Mountains/mtnBluffQuar02 (3)/mountaintop,Mesh,8,12,"[445.6,7.234,276.73]","[462.1,47.3,133.1]",150.02370231400107,1.0,stable,huge,"Overall: moves quickly along a long, primarily horizontal path with large vertical variation. Phases: ascends and moves across the scene; descends and moves across the scene; ascends and moves across the scene; descends and moves across the scene."
zoneVALLEY/cellValley_RaceTrack1/Sector/Flora/valley_tree05,Mesh,8,12,"[-668.37,10.4,-911.76]","[-655.42,21.51,-762.99]",149.74527538456763,1.0,stable,huge,"Overall: moves quickly along a long, primarily horizontal path with large vertical variation. Phases: ascends and moves across the scene; descends and moves across the scene; ascends and moves across the scene; descends and moves across the scene."
zoneVALLEY/cellValley_RaceTrack2/Sector/Main Nav/valley_mtnBase04 (1),Mesh,8,12,"[-102.37,11.261,-871.84]","[-174.88,9.77,-1002.148]",149.13114377956066,1.0,stable,huge,"Overall: moves quickly along a long, primarily horizontal path with moderate vertical variation. Phases: descends and moves across the scene; ascends and moves across the scene; descends and moves across the scene; ascends and moves across the scene."
zoneVALLEY/cellValley_RaceTrack2/Sector/Solid Filler/valley_ramp03,Mesh,8,12,"[-264.45,10.311,-947.028]","[-136.88,6.69,-1024.128]",149.10273820758619,1.0,stable,huge,"Overall: moves quickly along a long, primarily horizontal path with large vertical variation. Phases: descends and moves across the scene; ascends and moves across the scene; descends and moves across the scene; ascends and moves across the scene."
zoneMOSS/cellMoss_Archipelago/Sector/Solid Filler/cliffWallMoss01 (1),Mesh,8,12,"[-436.69,-4.57,888.48]","[-380.86,-5.62,750.7]",148.6654627006555,1.0,stable,huge,"Overall: moves quickly along a long, primarily horizontal path with large vertical variation. Phases: ascends and moves across the scene; descends and moves across the scene; ascends and moves across the scene; descends and moves across the scene."
zoneRANCH/cellRanch_Docks/Sector/Cliffs/areaCrag03/areaCragChunk05,Mesh,8,12,"[-161.563,5.404,-376.927]","[-54.258,18.889,-275.104]",148.53999992931196,1.0,stable,huge,"Overall: moves quickly along a long, primarily horizontal path with large vertical variation. Phases: ascends and moves across the scene; descends and moves across the scene; ascends and moves across the scene; descends and moves across the scene."
zoneRANCH/cellRanch_Docks/Sector/Cliffs/areaCrag03/areaCragChunk03,Mesh,8,12,"[-156.977,7.975,-378.02]","[-56.55,20.572,-271.188]",147.1643399808527,1.0,stable,huge,"Overall: moves quickly along a long, primarily horizontal path with large vertical variation. Phases: ascends and moves across the scene; descends and moves across the scene; ascends and moves across the scene; descends and moves across the scene."
zoneDESERT/cellDesert_SilentSentinels/Sector/Cliffs/cliffDesert18,Mesh,8,12,"[-86.214,1024.902,369.383]","[-77.358,1021.953,515.661]",146.5755048464783,1.0,stable,huge,"Overall: moves quickly along a long, primarily horizontal path with large vertical variation. Phases: descends and moves across the scene; ascends and moves across the scene; descends and moves across the scene; ascends and moves across the scene."
zoneREEF/cellReef_RingIsland/Sector/Build Sites/siteGadget/siteBase/Light Column,Mesh,8,12,"[-605.926,0.739,-235.082]","[-510.837,-4.39,-124.922]",145.6140452085581,1.0,stable,huge,"Overall: moves quickly along a long, primarily horizontal path with large vertical variation. Phases: descends and moves across the scene; ascends and moves across the scene; descends and moves across the scene; ascends and moves across the scene."
zoneMOSS/cellMoss_Forest/Sector/Cliffs/cliffWallMoss01 (3),Mesh,8,12,"[-281.33,0.3,338.85]","[-253.526,0.23,481.118]",144.95948102832043,1.0,stable,huge,"Overall: moves quickly along a long, primarily horizontal path with flat vertical variation. Phases: moves across the scene."
zoneDESERT/cellDesert_ScorchedPlainsNorthEast/Sector/Solid Filler/glassShard01,Mesh,8,12,"[54.347,1037.49,573.321]","[76.27,1056.17,713.752]",143.35419802014863,1.0,stable,huge,"Overall: moves quickly along a long, primarily horizontal path with large vertical variation. Phases: ascends and moves across the scene; descends and moves across the scene; ascends and moves across the scene; descends and moves across the scene."
zoneVALLEY/cellValley_RaceTrack2/Sector/Deco/valley_ore_pebbles_02,Mesh,8,12,"[-176.7,23.491,-814.008]","[-205.91,32.142,-994.93]",183.4688910551322,1.0,stable,large,"Overall: moves quickly along a long, primarily horizontal path with large vertical variation. Phases: ascends and moves across the scene; descends and moves across the scene; ascends and moves across the scene; descends and moves across the scene."
zoneSEA/cellSea_Vault001/Sector/Flora/mossDrape02/drapeMoss01,Mesh,8,12,"[820.64,30.463,95.819]","[954.789,12.5,140.841]",142.63801756193894,1.0,stable,huge,"Overall: moves quickly along a long, primarily horizontal path with large vertical variation. Phases: descends and moves across the scene; ascends and moves across the scene; descends and moves across the scene; ascends and moves across the scene."
zoneWILDS/cellWilds_SeaTeeth/Sector/Flora/desert_tree03/trunk/Leaves,Mesh,8,12,"[-871.32,20.011,598.794]","[-831.077,12.025,735.124]",142.3697444859687,1.0,stable,huge,"Overall: moves quickly along a long, primarily horizontal path with large vertical variation. Phases: descends and moves across the scene; ascends and moves across the scene; descends and moves across the scene; ascends and moves across the scene."
zoneMOSS/cellMoss_NorthPass/Sector/Cliffs/cliffWallMoss01,Mesh,8,12,"[-159.91,10.42,711.01]","[-286.32,8.665,646.45]",141.95267424391832,1.0,stable,huge,"Overall: moves quickly along a long, primarily horizontal path with moderate vertical variation. Phases: descends and moves across the scene; ascends and moves across the scene; descends and moves across the scene; ascends and moves across the scene."
zoneSLIMULATIONS/cellSlimulationMoss_NorthPass/Sector/Cliffs/cliffWallMoss01,Mesh,8,12,"[885.776,8.71,1260.707]","[744.638,6.955,1275.788]",141.952286455696,1.0,stable,huge,"Overall: moves quickly along a long, primarily horizontal path with moderate vertical variation. Phases: descends and moves across the scene; ascends and moves across the scene; descends and moves across the scene; ascends and moves across the scene."
zoneDESERT/cellDesert_ScorchedPlainsNorthEast/Sector/Solid Filler/glassShard04,Mesh,8,12,"[114.591,1024.9,666.996]","[13.47,1047.05,570.19]",141.73031001518333,1.0,stable,huge,"Overall: moves quickly along a long, primarily horizontal path with large vertical variation. Phases: ascends and moves across the scene; descends and moves across the scene; ascends and moves across the scene; descends and moves across the scene."
zoneRANCH/cellRanch_Docks/Sector/Cliffs/areaCrag03/areaCragChunk02,Mesh,8,12,"[-159.447,10.887,-373.102]","[-58.31,24.414,-275.121]",141.463595525492,1.0,stable,huge,"Overall: moves quickly along a long, primarily horizontal path with large vertical variation. Phases: ascends and moves across the scene; descends and moves across the scene; ascends and moves across the scene; descends and moves across the scene."
zoneMOSS/cellMoss_Forest/Sector/Deco/Drapes/mossDrape02/drapeMoss01,Mesh,8,12,"[-253.067,10.72,479.122]","[-317.959,20.476,354.182]",141.12460735109238,1.0,stable,huge,"Overall: moves quickly along a long, primarily horizontal path with large vertical variation. Phases: ascends and moves across the scene; descends and moves across the scene; ascends and moves across the scene; descends and moves across the scene."
zoneMOSS/cellMoss_Forest/Sector/Deco/Drapes/mossDrape05/drapeMoss02,Mesh,8,12,"[-210.62,23.18,432.03]","[-349.3,26.22,406.08]",141.11975942439813,1.0,stable,huge,"Overall: moves quickly along a long, primarily horizontal path with large vertical variation. Phases: ascends and moves across the scene; descends and moves across the scene; ascends and moves across the scene; descends and moves across the scene."
zoneVALLEY/cellValley_RaceTrack1/Sector/Flora/valley_tree02 (1)/LOD1,Mesh,8,12,"[-615.46,21.491,-939.419]","[-744.173,29.94,-885.498]",139.80663865138874,1.0,stable,huge,"Overall: moves quickly along a long, primarily horizontal path with large vertical variation. Phases: ascends and moves across the scene; descends and moves across the scene; ascends and moves across the scene; descends and moves across the scene."
zoneVALLEY/cellValley_RaceTrack1/Sector/Flora/valley_tree02 (1)/LOD2,Mesh,8,12,"[-615.46,21.491,-939.419]","[-744.173,29.94,-885.498]",139.80663865138874,1.0,stable,huge,"Overall: moves quickly along a long, primarily horizontal path with large vertical variation. Phases: ascends and moves across the scene; descends and moves across the scene; ascends and moves across the scene; descends and moves across the scene."
zoneVALLEY/cellValley_RaceTrack1/Sector/Flora/valley_tree02 (1),Mesh,8,12,"[-615.46,21.491,-939.419]","[-744.173,29.94,-885.498]",139.80663865138874,1.0,stable,huge,"Overall: moves quickly along a long, primarily horizontal path with large vertical variation. Phases: ascends and moves across the scene; descends and moves across the scene; ascends and moves across the scene; descends and moves across the scene."
zoneVALLEY/cellValley_RaceTrack2/Sector/Mountains/mtnBluffQuar02/mountaintop,Mesh,8,12,"[-222.19,48.47,-913.39]","[-98.362,28.51,-974.761]",139.63586510993514,1.0,stable,huge,"Overall: moves quickly along a long, primarily horizontal path with large vertical variation. Phases: descends and moves across the scene; ascends and moves across the scene; descends and moves across the scene; ascends and moves across the scene."
zoneVALLEY/cellValley_RaceTrack1/Sector/Grass/grassValleyColony02 (4)/grassThinColony02_LOD3,Mesh,8,12,"[-770.47,19.35,-821.27]","[-624.553,20.45,-924.87]",178.95793050043915,1.0,stable,large,"Overall: moves quickly along a long, primarily horizontal path with moderate vertical variation. Phases: ascends and moves across the scene; descends and moves across the scene; ascends and moves across the scene; descends and moves across the scene."
zoneVALLEY/cellValley_RaceTrack1/Sector/Grass/grassValleyColony02 (4)/grassThinColony02_LOD2,Mesh,8,12,"[-770.47,19.35,-821.27]","[-624.553,20.45,-924.87]",178.95793050043915,1.0,stable,large,"Overall: moves quickly along a long, primarily horizontal path with moderate vertical variation. Phases: ascends and moves across the scene; descends and moves across the scene; ascends and moves across the scene; descends and moves across the scene."
zoneVALLEY/cellValley_RaceTrack1/Sector/Grass/grassValleyColony02 (4)/grassThinColony02_LOD1,Mesh,8,12,"[-624.553,20.45,-924.87]","[-770.47,19.35,-821.27]",178.95793050043915,1.0,stable,large,"Overall: moves quickly along a long, primarily horizontal path with moderate vertical variation. Phases: descends and moves across the scene; ascends and moves across the scene; descends and moves across the scene; ascends and moves across the scene."
zoneVALLEY/cellValley_RaceTrack1/Sector/Grass/grassValleyColony02 (4)/grassThinColony02_LOD0,Mesh,8,12,"[-624.553,20.45,-924.87]","[-770.47,19.35,-821.27]",178.95793050043915,1.0,stable,large,"Overall: moves quickly along a long, primarily horizontal path with moderate vertical variation. Phases: descends and moves across the scene; ascends and moves across the scene; descends and moves across the scene; ascends and moves across the scene."
zoneRUINSTransition/cellReef_RuinsPassage/Sector/Cliffs/cliffBase01,Mesh,8,12,"[52.158,29.452,353.202]","[-37.57,33.66,459.51]",139.1769094066972,1.0,stable,huge,"Overall: moves quickly along a long, primarily horizontal path with large vertical variation. Phases: ascends and moves across the scene; descends and moves across the scene; ascends and moves across the scene; descends and moves across the scene."
zoneRANCH/cellRanch_Docks/Sector/Cliffs/areaCrag03/areaCragChunk04,Mesh,8,12,"[-152.522,7.979,-374.756]","[-61.319,19.737,-270.518]",139.0028719739272,1.0,stable,huge,"Overall: moves quickly along a long, primarily horizontal path with large vertical variation. Phases: ascends and moves across the scene; descends and moves across the scene; ascends and moves across the scene; descends and moves across the scene."
zoneVALLEY/cellValley_RaceTrack2/Sector/Constructs/objValleyAmmoStationType1/FX ACTIVE/FX Init/Wave,Empty,8,12,"[-164.23,14.679,-839.208]","[-153.41,9.301,-976.328]",137.6513337530734,1.0,stable,huge,"Overall: moves quickly along a long, primarily horizontal path with large vertical variation. Phases: descends and moves across the scene; ascends and moves across the scene; descends and moves across the scene; ascends and moves across the scene."
zoneVALLEY/cellValley_RaceTrack2/Sector/Constructs/objValleyAmmoStationType1/FX ACTIVE/FX Init/ExplosionWave,Empty,8,12,"[-164.23,14.679,-839.208]","[-153.41,9.301,-976.328]",137.6513337530734,1.0,stable,huge,"Overall: moves quickly along a long, primarily horizontal path with large vertical variation. Phases: descends and moves across the scene; ascends and moves across the scene; descends and moves across the scene; ascends and moves across the scene."
zoneVALLEY/cellValley_RaceTrack2/Sector/Constructs/objValleyAmmoStationType1/FX ACTIVE/FX Init/Ring,Empty,8,12,"[-164.23,14.679,-839.208]","[-153.41,9.301,-976.328]",137.6513337530734,1.0,stable,huge,"Overall: moves quickly along a long, primarily horizontal path with large vertical variation. Phases: descends and moves across the scene; ascends and moves across the scene; descends and moves across the scene; ascends and moves across the scene."
zoneVALLEY/cellValley_RaceTrack2/Sector/Constructs/objValleyAmmoStationType1/FX ACTIVE/FX Init/Flash Horizontal,Empty,8,12,"[-164.23,14.679,-839.208]","[-153.41,9.301,-976.328]",137.6513337530734,1.0,stable,huge,"Overall: moves quickly along a long, primarily horizontal path with large vertical variation. Phases: descends and moves across the scene; ascends and moves across the scene; descends and moves across the scene; ascends and moves across the scene."
zoneRANCH/cellRanch_Docks/Sector/Cliffs/areaCrag03/areaCragChunk01,Mesh,8,12,"[-159.134,8.062,-370.386]","[-60.014,21.455,-277.147]",136.73937973385722,1.0,stable,huge,"Overall: moves quickly along a long, primarily horizontal path with large vertical variation. Phases: ascends and moves across the scene; descends and moves across the scene; ascends and moves across the scene; descends and moves across the scene."
zoneSEA/cellSea_Vault001/Sector/Solid Filler/ruinPillar01 (3)/LoDMesh,Mesh,8,12,"[882.8,-12.44,83.6]","[998.86,12.69,145.595]",133.95827904612696,1.0,stable,huge,"Overall: moves quickly along a long, primarily horizontal path with large vertical variation. Phases: ascends and moves across the scene; descends and moves across the scene; ascends and moves across the scene; descends and moves across the scene."
zoneSEA/cellSea_Vault001/Sector/Solid Filler/ruinPillar01 (3)/ruinPillar01,Mesh,8,12,"[998.86,12.69,145.595]","[882.8,-12.44,83.6]",133.95827904612696,1.0,stable,huge,"Overall: moves quickly along a long, primarily horizontal path with large vertical variation. Phases: descends and moves across the scene; ascends and moves across the scene; descends and moves across the scene; ascends and moves across the scene."
zoneVALLEY/cellValley_RaceTrack1/Sector/Rocks/valley_ore_05 (5)/LOD1,Mesh,8,12,"[-621.54,31.871,-891.528]","[-748.512,10.681,-854.69]",133.89526925175508,1.0,stable,huge,"Overall: moves quickly along a long, primarily horizontal path with large vertical variation. Phases: descends and moves across the scene; ascends and moves across the scene; descends and moves across the scene; ascends and moves across the scene."
zoneVALLEY/cellValley_RaceTrack1/Sector/Rocks/valley_ore_05 (5),Mesh,8,12,"[-621.54,31.871,-891.528]","[-748.512,10.681,-854.69]",133.89526925175508,1.0,stable,huge,"Overall: moves quickly along a long, primarily horizontal path with large vertical variation. Phases: descends and moves across the scene; ascends and moves across the scene; descends and moves across the scene; ascends and moves across the scene."
zoneWILDS/cellWilds_Caverns/Sector/Mountains/mtnSpireMoss04/mountaintop,Mesh,8,12,"[-1017.219,39.03,799.645]","[-992.353,138.7,715.304]",132.9128704715988,1.0,stable,huge,"Overall: moves quickly along a long, multi-directional path with large vertical variation. Phases: ascends and moves across the scene; descends and moves across the scene; ascends and moves across the scene; descends and moves across the scene."
zoneVALLEY/cellValley_RaceTrack1/Sector/Solid Filler/valley_ramp04,Mesh,8,12,"[-626.744,4.921,-783.44]","[-662.94,2.63,-910.48]",132.11570950117928,1.0,stable,huge,"Overall: moves quickly along a long, primarily horizontal path with large vertical variation. Phases: descends and moves across the scene; ascends and moves across the scene; descends and moves across the scene; ascends and moves across the scene."
zoneVALLEY/cellValley_RaceTrack1/Sector/Main Nav/valley_platform01 (2),Mesh,8,12,"[-748.08,15.151,-824.7]","[-634.27,37.651,-887.257]",131.8041894212775,1.0,stable,huge,"Overall: moves quickly along a long, primarily horizontal path with large vertical variation. Phases: descends and moves across the scene; ascends and moves across the scene; descends and moves across the scene; ascends and moves across the scene."
zoneWILDS/cellWilds_SeaTeeth/Sector/Solid Filler/areaCrag01 (1)/areaCragChunk03,Mesh,8,12,"[-816.04,4.322,669.37]","[-922.396,3.528,593.649]",130.55994413678337,1.0,stable,huge,"Overall: moves quickly along a long, primarily horizontal path with moderate vertical variation. Phases: descends and moves across the scene; ascends and moves across the scene; descends and moves across the scene; ascends and moves across the scene."
zoneVALLEY/cellValley_RaceTrack1/Sector/Mountains/mtnBluffQuar02 (2)/mountaintop,Mesh,8,12,"[-720.7,30.921,-982.579]","[-703.04,24.17,-853.58]",130.37712069991414,1.0,stable,huge,"Overall: moves quickly along a long, primarily horizontal path with large vertical variation. Phases: descends and moves across the scene; ascends and moves across the scene; descends and moves across the scene; ascends and moves across the scene."
zoneVALLEY/cellValley_RaceTrack2/Sector/Mountains/mtnBluffQuar03/mountaintop,Mesh,8,12,"[-91.65,38.41,-995.71]","[-214.52,55.4,-956.66]",130.04076091749081,1.0,stable,huge,"Overall: moves quickly along a long, primarily horizontal path with large vertical variation. Phases: ascends and moves across the scene; descends and moves across the scene; ascends and moves across the scene; descends and moves across the scene."
zoneSEA/cellSea_Vault001/Sector/Solid Filler/ruinPlanter01,Mesh,8,12,"[976.63,5.279,105.65]","[846.99,8.34,106.123]",129.67699506851628,1.0,stable,huge,"Overall: moves quickly along a long, primarily horizontal path with large vertical variation. Phases: ascends and moves across the scene; descends and moves across the scene; ascends and moves across the scene; descends and moves across the scene."
zoneDESERT/cellDesert_SilentSentinels/Sector/Cliffs/cliffDesert21 (1),Mesh,8,12,"[-7.314,1024.832,493.658]","[17.885,986.059,372.56]",129.62662046817394,1.0,stable,huge,"Overall: moves quickly along a long, primarily horizontal path with large vertical variation. Phases: descends and moves across the scene; ascends and moves across the scene; descends and moves across the scene; ascends and moves across the scene."
zoneDESERT/cellDesert_SilentSentinels/Sector/Cliffs/ruinDesertPillar01 (1)/ruinPillar01,Mesh,8,12,"[-67.19,1024.831,511.41]","[-47.819,1023.82,383.679]",129.19545705248314,1.0,stable,huge,"Overall: moves quickly along a long, primarily horizontal path with large vertical variation. Phases: ascends and moves across the scene; descends and moves across the scene; ascends and moves across the scene; descends and moves across the scene."
zoneWILDS/cellWilds_SeaTeeth/Sector/Solid Filler/areaCrag01 (1)/areaCragChunk01,Mesh,8,12,"[-817.707,5.48,668.915]","[-922.62,4.267,594.729]",128.4981382511046,1.0,stable,huge,"Overall: moves quickly along a long, primarily horizontal path with moderate vertical variation. Phases: descends and moves across the scene; ascends and moves across the scene; descends and moves across the scene; ascends and moves across the scene."
zoneWILDS/cellWilds_SeaTeeth/Sector/Solid Filler/areaCrag01 (1)/areaCragChunk02,Mesh,8,12,"[-921.325,2.543,594.945]","[-818.172,2.777,670.918]",128.111252019485,1.0,stable,huge,"Overall: moves quickly along a long, primarily horizontal path with flat vertical variation. Phases: moves across the scene."
zoneVALLEY/cellValley_RaceTrack2/Sector/Flora/valley_tree02 (1),Mesh,8,12,"[-218.67,17.91,-859.596]","[-193.11,6.59,-984.27]",127.76956709639425,1.0,stable,huge,"Overall: moves quickly along a long, primarily horizontal path with large vertical variation. Phases: ascends and moves across the scene; descends and moves across the scene; ascends and moves across the scene; descends and moves across the scene."
zoneVALLEY/cellValley_RaceTrack2/Sector/Flora/valley_tree02 (1)/LOD2,Mesh,8,12,"[-218.67,17.91,-859.596]","[-193.11,6.59,-984.27]",127.76956709639425,1.0,stable,huge,"Overall: moves quickly along a long, primarily horizontal path with large vertical variation. Phases: ascends and moves across the scene; descends and moves across the scene; ascends and moves across the scene; descends and moves across the scene."
zoneDESERT/cellDesert_RuinsEntrance/Sector/Cliffs/cliffDesert04,Mesh,8,12,"[-95.973,1012.5,294.133]","[-30.154,1011.317,185.939]",126.64707610521452,1.0,stable,huge,"Overall: moves quickly along a long, primarily horizontal path with moderate vertical variation. Phases: descends and moves across the scene; ascends and moves across the scene; descends and moves across the scene; ascends and moves across the scene."
zoneSEA/cellSea_Vault002/Sector/Solid Filler/ruinStatue01 (2)/LoDMesh,Mesh,8,12,"[821.42,18.04,213.77]","[941.939,5.456,178.49]",126.20564494902754,1.0,stable,huge,"Overall: moves quickly along a long, primarily horizontal path with large vertical variation. Phases: descends and moves across the scene; ascends and moves across the scene; descends and moves across the scene; ascends and moves across the scene."
zoneSEA/cellSea_Vault002/Sector/Solid Filler/ruinStatue01 (2)/ruinStatue01,Mesh,8,12,"[941.939,5.456,178.49]","[821.42,18.04,213.77]",126.20564494902754,1.0,stable,huge,"Overall: moves quickly along a long, primarily horizontal path with large vertical variation. Phases: ascends and moves across the scene; descends and moves across the scene; ascends and moves across the scene; descends and moves across the scene."
zoneSEA/cellSea_Vault002/Sector/Solid Filler/ruinStatue01 (5)/ruinStatue01,Mesh,8,12,"[941.939,5.456,235.54]","[822.84,27.454,200.187]",126.16781845621324,1.0,stable,huge,"Overall: moves quickly along a long, primarily horizontal path with large vertical variation. Phases: ascends and moves across the scene; descends and moves across the scene; ascends and moves across the scene; descends and moves across the scene."
zoneSEA/cellSea_Vault002/Sector/Solid Filler/ruinStatue01 (5)/LoDMesh,Mesh,8,12,"[941.939,5.456,235.54]","[822.84,27.454,200.187]",126.16781845621324,1.0,stable,huge,"Overall: moves quickly along a long, primarily horizontal path with large vertical variation. Phases: ascends and moves across the scene; descends and moves across the scene; ascends and moves across the scene; descends and moves across the scene."
zoneDESERT/cellDesert_SilentSentinels/Sector/Cliffs/cliffDesert21,Mesh,8,12,"[-8.916,1013.368,363.028]","[-99.395,1018.095,449.619]",125.32675393147306,1.0,stable,huge,"Overall: moves quickly along a long, primarily horizontal path with large vertical variation. Phases: ascends and moves across the scene; descends and moves across the scene; ascends and moves across the scene; descends and moves across the scene."
zoneDESERT/cellDesert_ScorchedPlainsNorthEast/Sector/Solid Filler/moundSand01/Rocks,Mesh,8,12,"[114.219,1024.765,604.855]","[141.09,1043.26,725.63]",125.10282287382643,1.0,stable,huge,"Overall: moves quickly along a long, primarily horizontal path with large vertical variation. Phases: ascends and moves across the scene; descends and moves across the scene; ascends and moves across the scene; descends and moves across the scene."
zoneDESERT/cellDesert_ScorchedPlainsNorthEast/Sector/Solid Filler/moundSand01,Mesh,8,12,"[114.219,1024.765,604.855]","[141.09,1043.26,725.63]",125.10282287382643,1.0,stable,huge,"Overall: moves quickly along a long, primarily horizontal path with large vertical variation. Phases: ascends and moves across the scene; descends and moves across the scene; ascends and moves across the scene; descends and moves across the scene."
zoneVALLEY/cellValley_RaceTrack1/Sector/Mountains/mtnBluffQuar02 (1)/mountaintop,Mesh,8,12,"[-702.05,34.28,-975.41]","[-690.83,32.461,-850.869]",125.05861762389661,1.0,stable,huge,"Overall: moves quickly along a long, primarily horizontal path with moderate vertical variation. Phases: descends and moves across the scene; ascends and moves across the scene; descends and moves across the scene; ascends and moves across the scene."
zoneVALLEY/cellValley_RaceTrack2/Sector/Mountains/mtnBluffQuar02 (5)/mountaintop,Mesh,8,12,"[-124.47,49.88,-828.68]","[-104.35,44.261,-951.828]",124.90723543894487,1.0,stable,huge,"Overall: moves quickly along a long, primarily horizontal path with large vertical variation. Phases: descends and moves across the scene; ascends and moves across the scene; descends and moves across the scene; ascends and moves across the scene."
zoneSEA/cellSea_Vault001/Sector/Flora/mossDrape05 (1)/vine02,Mesh,8,12,"[819.5,32.894,104.78]","[974.76,12.76,70.39]",160.29260012863975,1.0,stable,large,"Overall: moves quickly along a long, primarily horizontal path with large vertical variation. Phases: descends and moves across the scene; ascends and moves across the scene; descends and moves across the scene; ascends and moves across the scene."
zoneSLIMULATIONS/cellSlimulationMoss_HoneyPerch/Sector/Cliffs/digiCliff01,Mesh,8,12,"[735.387,-8.58,1056.02]","[616.506,12.879,1027.086]",124.21898887851242,1.0,stable,huge,"Overall: moves quickly along a long, primarily horizontal path with large vertical variation. Phases: ascends and moves across the scene; descends and moves across the scene; ascends and moves across the scene; descends and moves across the scene."
zoneSLIMULATIONS/cellSlimulationMoss_NorthPass/Sector/Cliffs/cliffBase01,Mesh,8,12,"[889.81,25.84,1281.292]","[768.431,29.16,1307.295]",124.17745387146567,1.0,stable,huge,"Overall: moves quickly along a long, primarily horizontal path with large vertical variation. Phases: ascends and moves across the scene; descends and moves across the scene; ascends and moves across the scene; descends and moves across the scene."
zoneMOSS/cellMoss_NorthPass/Sector/Cliffs/cliffBase01,Mesh,8,12,"[-283.63,30.87,685.84]","[-167.79,27.55,730.45]",124.1772124828062,1.0,stable,huge,"Overall: moves quickly along a long, primarily horizontal path with large vertical variation. Phases: descends and moves across the scene; ascends and moves across the scene; descends and moves across the scene; ascends and moves across the scene."
zoneMOCHI/cellVALLEY_MochiEstate/Sector/Cliffs/valley_rockLip02,Mesh,8,12,"[264.32,18.712,-820.4]","[245.34,21.532,-942.93]",124.02335949328253,1.0,stable,huge,"Overall: moves quickly along a long, primarily horizontal path with large vertical variation. Phases: descends and moves across the scene; ascends and moves across the scene; descends and moves across the scene; ascends and moves across the scene."
zoneSEA/cellSea_Vault001/Sector/Solid Filler/ruinDoorFrame01,Mesh,8,12,"[846.653,5.939,106.123]","[963.533,-35.1,105.155]",123.879259543315,1.0,stable,huge,"Overall: moves quickly along a long, primarily horizontal path with large vertical variation. Phases: descends and moves across the scene; ascends and moves across the scene; descends and moves across the scene; ascends and moves across the scene."
zoneDESERT/cellDesert_ScorchedPlainsNorthEast/Sector/Cliffs/cliffDesert03,Mesh,8,12,"[183.16,1022.149,644.689]","[65.069,1024.866,608.66]",123.49475782801471,1.0,stable,huge,"Overall: moves quickly along a long, primarily horizontal path with large vertical variation. Phases: ascends and moves across the scene; moves across the scene."
zoneRUINSTransition/cellReef_RuinsGardenOfTranquility/Sector/RuinsBarrier/Barrier/Barrier,Mesh,8,12,"[164.1,50.423,530.9]","[46.9,85.023,526.17]",122.29216205464681,1.0,stable,huge,"Overall: moves quickly along a long, primarily horizontal path with large vertical variation. Phases: ascends and moves across the scene; descends and moves across the scene; ascends and moves across the scene; descends and moves across the scene."
zoneSEA/cellSea_Vault001/Sector/Flora/mossDrape01,Mesh,8,12,"[981.74,12.79,141.76]","[833.787,29.48,91.355]",157.19195378262842,1.0,stable,large,"Overall: moves quickly along a long, primarily horizontal path with large vertical variation. Phases: ascends and moves across the scene; descends and moves across the scene; ascends and moves across the scene; descends and moves across the scene."
zoneSEA/cellSea_Vault002/Sector/Flora/mossDrape01 (1),Mesh,8,12,"[828.61,29.456,211.242]","[948.96,35.87,193.09]",121.88009271410982,1.0,stable,huge,"Overall: moves quickly along a long, primarily horizontal path with large vertical variation. Phases: ascends and moves across the scene; descends and moves across the scene; ascends and moves across the scene; descends and moves across the scene."
zoneREEF/cellReef_RingIsland/Sector/Grass/grassThinColony02,Mesh,8,12,"[-471.83,-2.68,-143.27]","[-615.887,-2.47,-204.552]",156.55014172143055,1.0,stable,large,"Overall: moves quickly along a long, primarily horizontal path with flat vertical variation. Phases: moves across the scene."
zoneWILDS/cellWilds_SeaTeeth/Sector/Solid Filler/areaCrag01 (2)/areaCragChunk03,Mesh,8,12,"[-820.909,4.322,665.228]","[-921.689,1.728,597.311]",121.55680205155112,1.0,stable,huge,"Overall: moves quickly along a long, primarily horizontal path with large vertical variation. Phases: descends and moves across the scene; ascends and moves across the scene; descends and moves across the scene; ascends and moves across the scene."
zoneWILDS/cellWilds_SeaTeeth/Sector/Solid Filler/areaCrag01 (2)/areaCragChunk01,Mesh,8,12,"[-820.274,5.48,663.621]","[-922.455,2.467,598.103]",121.41928699345921,1.0,stable,huge,"Overall: moves quickly along a long, primarily horizontal path with large vertical variation. Phases: descends and moves across the scene; ascends and moves across the scene; descends and moves across the scene; ascends and moves across the scene."
zoneDESERT/cellDesert_ScorchedPlainsNorthEast/Sector/Cliffs/glassShard03 (1),Mesh,8,12,"[141.994,1042.164,708.635]","[183.83,1076.42,599.95]",121.39256013858508,1.0,stable,huge,"Overall: moves quickly along a long, primarily horizontal path with large vertical variation. Phases: ascends and moves across the scene; descends and moves across the scene; ascends and moves across the scene; descends and moves across the scene."
zoneWILDS/cellWilds_CliffCave/Sector/Mountains/mtnBluffReef01 (1)/mountaintop,Mesh,8,12,"[-773.602,56.33,895.341]","[-892.721,65.49,911.221]",120.5214344463258,1.0,stable,huge,"Overall: moves quickly along a long, primarily horizontal path with large vertical variation. Phases: ascends and moves across the scene; descends and moves across the scene; ascends and moves across the scene; descends and moves across the scene."
zoneVALLEY/cellValley_RaceTrack1/Sector/Solid Filler/valley_ramp03,Mesh,8,12,"[-618.89,0.411,-889.268]","[-734.73,-0.95,-922.38]",120.48718797033983,1.0,stable,huge,"Overall: moves quickly along a long, primarily horizontal path with moderate vertical variation. Phases: descends and moves across the scene; ascends and moves across the scene; descends and moves across the scene; ascends and moves across the scene."
zoneDESERT/cellDesert_SilentSentinels/Sector/Cliffs/ruinDesertBlockPile01,Mesh,8,12,"[-34.489,1066.504,395.056]","[-61.32,1040.38,509.16]",120.09200120324418,1.0,stable,huge,"Overall: moves quickly along a long, primarily horizontal path with large vertical variation. Phases: descends and moves across the scene; ascends and moves across the scene; descends and moves across the scene; ascends and moves across the scene."
zoneREEF/cellReef_RingIsland/Sector/Solid Filler/wallCapsule02,Mesh,8,12,"[-575.079,-4.58,-150.257]","[-545.97,-4.87,-266.54]",119.87140639034814,1.0,stable,huge,"Overall: moves quickly along a long, primarily horizontal path with large vertical variation. Phases: ascends and moves across the scene; descends and moves across the scene; ascends and moves across the scene; descends and moves across the scene."
zoneDESERT/cellDesert_ScorchedPlainsNorthEast/Sector/Cliffs/ruinDesertPillar01/LoDMesh,Mesh,8,12,"[42.56,1057.306,651.53]","[149.315,1027.185,696.543]",119.70829058590724,1.0,stable,huge,"Overall: moves quickly along a long, primarily horizontal path with large vertical variation. Phases: descends and moves across the scene; ascends and moves across the scene; descends and moves across the scene; ascends and moves across the scene."
zoneDESERT/cellDesert_ScorchedPlainsNorthEast/Sector/Cliffs/ruinDesertPillar01/ruinPillar01,Mesh,8,12,"[149.315,1027.185,696.543]","[42.56,1057.306,651.53]",119.70829058590724,1.0,stable,huge,"Overall: moves quickly along a long, primarily horizontal path with large vertical variation. Phases: ascends and moves across the scene; descends and moves across the scene; ascends and moves across the scene; descends and moves across the scene."
zoneMOSS/cellMoss_NorthPass/Sector/Rocks/rockCrag01,Mesh,8,12,"[-230.793,24.22,668.752]","[-122.076,23.68,717.338]",119.08096860959775,1.0,stable,huge,"Overall: moves quickly along a long, primarily horizontal path with moderate vertical variation. Phases: descends and moves across the scene; ascends and moves across the scene; descends and moves across the scene; ascends and moves across the scene."
zoneVALLEY/cellValley_RaceTrack2/Sector/Cliffs/cliffBase01,Mesh,8,12,"[-115.242,38.84,-822.068]","[-103.41,22.441,-983.908]",118.13296370053976,1.0,stable,huge,"Overall: moves quickly along a long, primarily horizontal path with large vertical variation. Phases: descends and moves across the scene; ascends and moves across the scene; moves across the scene; ascends and moves across the scene."
zoneSLIMULATIONS/cellSlimulationMoss_Coast/Sector/Slimes/GlitchTarrNode 4/Portal/FX TarrSpawnerSpawn/FX Energy,Empty,8,12,"[618.55,8.51,1248.26]","[699.184,7.82,1335.078]",118.48916904088745,1.0,stable,huge,"Overall: moves quickly along a long, primarily horizontal path with moderate vertical variation. Phases: descends and moves across the scene; ascends and moves across the scene; descends and moves across the scene; ascends and moves across the scene."
zoneSLIMULATIONS/cellSlimulationMoss_Coast/Sector/Slimes/GlitchTarrNode 4/Portal/FX Drips/FX Energy,Empty,8,12,"[699.184,7.82,1335.078]","[618.55,8.51,1248.26]",118.48916904088745,1.0,stable,huge,"Overall: moves quickly along a long, primarily horizontal path with moderate vertical variation. Phases: ascends and moves across the scene; descends and moves across the scene; ascends and moves across the scene; descends and moves across the scene."
zoneSLIMULATIONS/cellSlimulationMoss_Coast/Sector/Slimes/GlitchTarrNode 4/Portal,Mesh,8,12,"[618.55,8.51,1248.26]","[699.184,7.82,1335.078]",118.48916904088745,1.0,stable,huge,"Overall: moves quickly along a long, primarily horizontal path with moderate vertical variation. Phases: descends and moves across the scene; ascends and moves across the scene; descends and moves across the scene; ascends and moves across the scene."
zoneSLIMULATIONS/cellSlimulationMoss_Coast/Sector/Slimes/GlitchTarrNode 4/Portal/FX Drips/FX Distortion,Empty,8,12,"[699.184,7.82,1335.078]","[618.55,8.51,1248.26]",118.48916904088745,1.0,stable,huge,"Overall: moves quickly along a long, primarily horizontal path with moderate vertical variation. Phases: ascends and moves across the scene; descends and moves across the scene; ascends and moves across the scene; descends and moves across the scene."
zoneSLIMULATIONS/cellSlimulationMoss_Coast/Sector/Slimes/GlitchTarrNode 4/Portal/FX TarrSpawnerSpawn,Empty,8,12,"[618.55,8.51,1248.26]","[699.184,7.82,1335.078]",118.48916904088745,1.0,stable,huge,"Overall: moves quickly along a long, primarily horizontal path with moderate vertical variation. Phases: descends and moves across the scene; ascends and moves across the scene; descends and moves across the scene; ascends and moves across the scene."
zoneMOSS/cellMoss_Forest/Sector/Build Sites/siteGadget (3)/siteBase/Light Column,Mesh,8,12,"[-300.16,-2.01,353.99]","[-244.356,3.35,458.168]",118.30414912419599,1.0,stable,huge,"Overall: moves quickly along a long, primarily horizontal path with large vertical variation. Phases: ascends and moves across the scene; descends and moves across the scene; ascends and moves across the scene; descends and moves across the scene."
zoneMOSS/cellMoss_Forest/Sector/Build Sites/siteGadget (4)/siteBase/Light Column,Mesh,8,12,"[-340.381,-2.01,392.234]","[-230.066,3.418,434.368]",118.21225133208485,1.0,stable,huge,"Overall: moves quickly along a long, primarily horizontal path with large vertical variation. Phases: ascends and moves across the scene; descends and moves across the scene; ascends and moves across the scene; descends and moves across the scene."
zoneWILDS/cellWilds_SeaTeeth/Sector/Solid Filler/areaCrag01 (2)/areaCragChunk02,Mesh,8,12,"[-822.214,2.777,662.939]","[-921.477,0.743,598.978]",118.10287822911,1.0,stable,huge,"Overall: moves quickly along a long, primarily horizontal path with large vertical variation. Phases: descends and moves across the scene; ascends and moves across the scene; descends and moves across the scene; ascends and moves across the scene."
zoneQUARRY/cellQuarry_AshIsle/Sector/Solid Filler/areaCrag01 (1)/areaCragChunk02,Mesh,8,12,"[502.965,-0.017,742.565]","[410.138,17.82,671.8]",118.07919259124367,1.0,stable,huge,"Overall: moves quickly along a long, primarily horizontal path with large vertical variation. Phases: ascends and moves across the scene; descends and moves across the scene; ascends and moves across the scene; descends and moves across the scene."
zoneMOSS/cellMoss_Archipelago/Sector/Flora/mossDrape02/drapeMoss02,Mesh,8,12,"[-318.344,10.45,839.276]","[-421.512,5.298,865.092]",117.90553111981038,1.0,stable,huge,"Overall: moves quickly along a long, primarily horizontal path with large vertical variation. Phases: descends and moves across the scene; ascends and moves across the scene; ascends and shifts slightly; ascends and moves across the scene."
zoneSEA/cellSea_Vault001/Sector/Solid Filler/ruinPlanter02,Mesh,8,12,"[950.48,3.37,79.4]","[835.863,6.9,106.123]",117.7439438697379,1.0,stable,huge,"Overall: moves quickly along a long, primarily horizontal path with large vertical variation. Phases: ascends and moves across the scene; descends and moves across the scene; ascends and moves across the scene; descends and moves across the scene."
zoneMOSS/cellMoss_NorthPass/Sector/Rocks/rockCrag03,Mesh,8,12,"[-235.02,32.56,689.8]","[-122.134,14.98,716.644]",117.35802372228328,1.0,stable,huge,"Overall: moves quickly along a long, primarily horizontal path with large vertical variation. Phases: descends and moves across the scene; ascends and moves across the scene; descends and moves across the scene; ascends and moves across the scene."
zoneVALLEY/cellValley_RaceTrack1/Sector/Mountains/mtnBluffQuar02 (5)/mountaintop,Mesh,8,12,"[-714.34,24.17,-872.05]","[-663.42,41.851,-976.088]",117.17239267421319,1.0,stable,huge,"Overall: moves quickly along a long, primarily horizontal path with large vertical variation. Phases: ascends and moves across the scene; descends and moves across the scene; ascends and moves across the scene; descends and moves across the scene."
zoneREEF/cellReef_RingIsland/Sector/Solid Filler/areaCrag01 (2)/areaCragChunk02,Mesh,8,12,"[-595.293,0.354,-279.885]","[-595.291,12.56,-164.092]",116.43455367286806,1.0,stable,huge,"Overall: moves quickly along a long, primarily horizontal path with large vertical variation. Phases: ascends and moves across the scene; descends and moves across the scene; ascends and moves across the scene; descends and moves across the scene."
zoneSEA/Sea/seaKillCube,Mesh,8,12,"[-4.0,-29.4,210.0]","[96.973,-29.4,-140.334]",113.23483238763363,1.0,stable,huge,"Overall: moves quickly along a long, primarily horizontal path with flat vertical variation. Phases: moves across the scene."
zoneSEA/Sea/seaRender/Clouds 1Pass,Mesh,8,12,"[-4.0,-7.1,210.0]","[96.973,-7.1,-140.334]",113.23483238763363,1.0,stable,huge,"Overall: moves quickly along a long, primarily horizontal path with flat vertical variation. Phases: moves across the scene."
zoneSEA/Sea/seaViewCube,Mesh,8,12,"[-4.0,-15.75,210.0]","[96.973,-15.75,-140.334]",113.23483238763363,1.0,stable,huge,"Overall: moves quickly along a long, primarily horizontal path with flat vertical variation. Phases: moves across the scene."
zoneDESERT/cellDesert_ScorchedPlainsNorthWest/Sector/Cliffs/cliffDesert17,Mesh,8,12,"[-72.412,1020.364,574.018]","[-66.328,1019.648,690.148]",116.29146405476197,1.0,stable,huge,"Overall: moves quickly along a long, primarily horizontal path with moderate vertical variation. Phases: descends and moves across the scene; ascends and moves across the scene; descends and moves across the scene; ascends and moves across the scene."
zoneQUARRY/cellQuarry_AshIsle/Sector/Solid Filler/areaCrag01 (1)/areaCragChunk01,Mesh,8,12,"[501.583,1.8,742.547]","[410.789,19.794,673.154]",115.6837193428704,1.0,stable,huge,"Overall: moves quickly along a long, primarily horizontal path with large vertical variation. Phases: ascends and moves across the scene; descends and moves across the scene; ascends and moves across the scene; descends and moves across the scene."
zoneQUARRY/cellQuarry_AshIsle/Sector/Solid Filler/areaCrag01 (1)/areaCragChunk03,Mesh,8,12,"[501.643,1.021,741.387]","[409.632,18.948,673.657]",115.6492730197643,1.0,stable,huge,"Overall: moves quickly along a long, primarily horizontal path with large vertical variation. Phases: ascends and moves across the scene; descends and moves across the scene; ascends and moves across the scene; descends and moves across the scene."
zoneREEF/cellReef_RingIsland/Sector/Solid Filler/areaCrag01 (2)/areaCragChunk01,Mesh,8,12,"[-595.24,3.245,-277.99]","[-596.272,14.534,-162.955]",115.59220462470641,1.0,stable,huge,"Overall: moves quickly along a long, primarily horizontal path with large vertical variation. Phases: ascends and moves across the scene; descends and moves across the scene; ascends and moves across the scene; descends and moves across the scene."
zoneSEA/cellSea_Vault001/Sector/Solid Filler/ruinWall01 (3)/ruinWall01,Mesh,8,12,"[958.996,-10.95,98.97]","[847.01,7.599,120.505]",115.53651293855116,1.0,stable,huge,"Overall: moves quickly along a long, primarily horizontal path with large vertical variation. Phases: ascends and moves across the scene; descends and moves across the scene; ascends and moves across the scene; descends and moves across the scene."
zoneSEA/cellSea_Vault001/Sector/Solid Filler/ruinWall01 (3)/LoDMesh,Mesh,8,12,"[958.996,-10.95,98.97]","[847.01,7.599,120.505]",115.53651293855116,1.0,stable,huge,"Overall: moves quickly along a long, primarily horizontal path with large vertical variation. Phases: ascends and moves across the scene; descends and moves across the scene; ascends and moves across the scene; descends and moves across the scene."
zoneQUARRY/cellQuarry_AshIsle/Sector/Solid Filler/areaCrag01 (2)/areaCragChunk02,Mesh,8,12,"[409.122,15.494,668.293]","[498.295,2.222,740.546]",115.53556128742356,1.0,stable,huge,"Overall: moves quickly along a long, primarily horizontal path with large vertical variation. Phases: descends and moves across the scene; ascends and moves across the scene; descends and moves across the scene; ascends and moves across the scene."
zoneSEA/cellSea_Vault001/Sector/Solid Filler/ruinWall01 (2)/LoDMesh,Mesh,8,12,"[958.996,-10.95,112.762]","[847.01,7.599,92.135]",115.37071866812653,1.0,stable,huge,"Overall: moves quickly along a long, primarily horizontal path with large vertical variation. Phases: ascends and moves across the scene; descends and moves across the scene; ascends and moves across the scene; descends and moves across the scene."
zoneSEA/cellSea_Vault001/Sector/Solid Filler/ruinWall01 (2)/ruinWall01,Mesh,8,12,"[958.996,-10.95,112.762]","[847.01,7.599,92.135]",115.37071866812653,1.0,stable,huge,"Overall: moves quickly along a long, primarily horizontal path with large vertical variation. Phases: ascends and moves across the scene; descends and moves across the scene; ascends and moves across the scene; descends and moves across the scene."
zoneQUARRY/cellQuarry_AshIsle/Sector/Solid Filler/areaCrag01 (2)/areaCragChunk01,Mesh,8,12,"[410.075,17.468,669.454]","[497.666,4.554,742.206]",114.59410185956348,1.0,stable,huge,"Overall: moves quickly along a long, primarily horizontal path with large vertical variation. Phases: descends and moves across the scene; ascends and moves across the scene; descends and moves across the scene; ascends and moves across the scene."
zoneVALLEY/cellValley_RaceTrack2/Sector/Grass/grassValleyColony02 (2)/grassThinColony02_LOD0,Mesh,8,12,"[-247.12,16.199,-859.9]","[-225.815,24.156,-1005.458]",147.32395676874825,1.0,stable,large,"Overall: moves quickly along a long, primarily horizontal path with large vertical variation. Phases: ascends and moves across the scene; descends and moves across the scene; ascends and moves across the scene; descends and moves across the scene."
zoneVALLEY/cellValley_RaceTrack2/Sector/Grass/grassValleyColony02 (2)/grassThinColony02_LOD1,Mesh,8,12,"[-247.12,16.199,-859.9]","[-225.815,24.156,-1005.458]",147.32395676874825,1.0,stable,large,"Overall: moves quickly along a long, primarily horizontal path with large vertical variation. Phases: ascends and moves across the scene; descends and moves across the scene; ascends and moves across the scene; descends and moves across the scene."
zoneVALLEY/cellValley_RaceTrack2/Sector/Grass/grassValleyColony02 (2)/grassThinColony02_LOD3,Mesh,8,12,"[-247.12,16.199,-859.9]","[-225.815,24.156,-1005.458]",147.32395676874825,1.0,stable,large,"Overall: moves quickly along a long, primarily horizontal path with large vertical variation. Phases: ascends and moves across the scene; descends and moves across the scene; ascends and moves across the scene; descends and moves across the scene."
zoneREEF/cellReef_RingIsland/Sector/Solid Filler/areaCrag01 (2)/areaCragChunk03,Mesh,8,12,"[-596.881,1.932,-277.728]","[-597.195,13.688,-163.815]",114.51844262388484,1.0,stable,huge,"Overall: moves quickly along a long, primarily horizontal path with large vertical variation. Phases: ascends and moves across the scene; descends and moves across the scene; ascends and moves across the scene; descends and moves across the scene."
zoneVALLEY/cellValley_RaceTrack1/Sector/Flora/mossDrape02 (1)/drapeMoss01,Mesh,8,12,"[-700.302,18.465,-963.608]","[-753.497,14.494,-826.472]",147.14536812961524,1.0,stable,large,"Overall: moves quickly along a long, primarily horizontal path with large vertical variation. Phases: descends and moves across the scene; ascends and moves across the scene; descends and moves across the scene; ascends and moves across the scene."
zoneMOCHI/cellVALLEY_MochiEstate/Sector/Flora/valley_tree04/LOD1,Mesh,8,12,"[292.256,26.011,-1018.185]","[238.403,8.716,-919.082]",114.10813837321153,1.0,stable,huge,"Overall: moves quickly along a long, primarily horizontal path with large vertical variation. Phases: descends and moves across the scene; ascends and moves across the scene; descends and moves across the scene; ascends and moves across the scene."
zoneMOCHI/cellVALLEY_MochiEstate/Sector/Flora/valley_tree04,Mesh,8,12,"[292.256,26.011,-1018.185]","[238.403,8.716,-919.082]",114.10813837321153,1.0,stable,huge,"Overall: moves quickly along a long, primarily horizontal path with large vertical variation. Phases: descends and moves across the scene; ascends and moves across the scene; descends and moves across the scene; ascends and moves across the scene."
zoneMOCHI/cellVALLEY_MochiEstate/Sector/Flora/valley_tree04/LOD2,Mesh,8,12,"[292.256,26.011,-1018.185]","[238.403,8.716,-919.082]",114.10813837321153,1.0,stable,huge,"Overall: moves quickly along a long, primarily horizontal path with large vertical variation. Phases: descends and moves across the scene; ascends and moves across the scene; descends and moves across the scene; ascends and moves across the scene."
zoneRANCH/cellRanch_Home/Sector/Solid FIller/moundSand02b,Mesh,8,12,"[149.84,25.98,-163.65]","[72.9,12.22,-80.84]",113.87096776615188,1.0,stable,huge,"Overall: moves quickly along a long, primarily horizontal path with large vertical variation. Phases: descends and moves across the scene; ascends and moves across the scene; descends and moves across the scene; ascends and moves across the scene."
zoneQUARRY/cellQuarry_AshIsle/Sector/Solid Filler/areaCrag01 (2)/areaCragChunk03,Mesh,8,12,"[409.07,16.622,670.216]","[496.293,3.554,741.624]",113.48007233430901,1.0,stable,huge,"Overall: moves quickly along a long, primarily horizontal path with large vertical variation. Phases: descends and moves across the scene; ascends and moves across the scene; descends and moves across the scene; ascends and moves across the scene."
zoneQUARRY/cellQuarry_DonutHole/Sector/Mountains/mtnBluffQuar02/mountaintop,Mesh,8,12,"[351.6,28.48,215.7]","[336.4,19.0,104.3]",112.83115881705726,1.0,stable,huge,"Overall: moves quickly along a long, primarily horizontal path with large vertical variation. Phases: descends and moves across the scene; ascends and moves across the scene; descends and moves across the scene; ascends and moves across the scene."
zoneDESERT/cellDesert_SilentSentinels/Sector/Cliffs/ruinDesertPillar01/ruinPillar01,Mesh,8,12,"[-33.069,1023.82,396.536]","[-54.9,1024.831,507.17]",112.77187875529964,1.0,stable,huge,"Overall: moves quickly along a long, primarily horizontal path with moderate vertical variation. Phases: ascends and moves across the scene; moves across the scene."
zoneDESERT/cellDesert_ScorchedPlainsNorthEast/Sector/Cliffs/ruinDesertPillar01 (1)/LoDMesh,Mesh,8,12,"[42.56,1046.551,646.94]","[152.539,1024.042,647.258]",112.25923857749972,1.0,stable,huge,"Overall: moves quickly along a long, primarily horizontal path with large vertical variation. Phases: descends and moves across the scene; ascends and moves across the scene; descends and moves across the scene; ascends and moves across the scene."
zoneDESERT/cellDesert_ScorchedPlainsNorthEast/Sector/Cliffs/ruinDesertPillar01 (1)/ruinPillar01,Mesh,8,12,"[152.539,1024.042,647.258]","[42.56,1046.551,646.94]",112.25923857749972,1.0,stable,huge,"Overall: moves quickly along a long, primarily horizontal path with large vertical variation. Phases: ascends and moves across the scene; descends and moves across the scene; ascends and moves across the scene; descends and moves across the scene."
zoneDESERT/cellDesert_SnakingPassage/Sector/Mountains/mtnBluffReef01/mountaintop,Mesh,8,12,"[141.47,1038.17,345.79]","[36.59,1075.79,337.56]",111.72650401762328,1.0,stable,huge,"Overall: moves quickly along a long, primarily horizontal path with large vertical variation. Phases: ascends and moves across the scene; descends and moves across the scene; ascends and moves across the scene; descends and moves across the scene."
zoneMOCHI/cellVALLEY_MochiEstate/Sector/Solid Filler/valley_rockLip02,Mesh,8,12,"[305.775,31.614,-1008.016]","[214.72,54.04,-947.7]",111.49869217618648,1.0,stable,huge,"Overall: moves quickly along a long, primarily horizontal path with large vertical variation. Phases: ascends and moves across the scene; descends and moves across the scene; ascends and moves across the scene; descends and moves across the scene."
zoneDESERT/cellDesert_SilentSentinels/Sector/Solid Filler/moundSand03,Mesh,8,12,"[-52.02,1024.78,374.25]","[-37.293,1024.774,484.77]",111.49688320755875,1.0,stable,huge,"Overall: moves quickly along a long, primarily horizontal path with flat vertical variation. Phases: moves across the scene."
zoneDESERT/cellDesert_SilentSentinels/Sector/Solid Filler/moundSand03/Rocks,Mesh,8,12,"[-52.02,1024.78,374.25]","[-37.293,1024.774,484.77]",111.49688320755875,1.0,stable,huge,"Overall: moves quickly along a long, primarily horizontal path with flat vertical variation. Phases: moves across the scene."
zoneVALLEY/cellValley_RaceTrack2/Sector/Mountains/mtnSpireQuar04/mountaintop,Mesh,8,12,"[-276.82,27.93,-889.25]","[-106.5,31.551,-1027.348]",109.65066306799059,1.0,stable,huge,"Overall: moves quickly along a long, primarily horizontal path with large vertical variation. Phases: ascends and moves across the scene; descends and moves across the scene; ascends and moves across the scene; descends and moves across the scene."
zoneDESERT/cellDesert_ScorchedPlainsNorthEast/Sector/Solid Filler/glassShard04 (1),Mesh,8,12,"[74.506,1034.804,701.869]","[48.479,1027.753,594.438]",110.7634465471349,1.0,stable,huge,"Overall: moves quickly along a long, primarily horizontal path with large vertical variation. Phases: descends and moves across the scene; ascends and moves across the scene; descends and moves across the scene; ascends and moves across the scene."
zoneSLIMULATIONS/cellSlimulationMoss_FlowerField/Sector/Deco/mossDrape01 (1),Mesh,8,12,"[633.59,15.24,1099.29]","[682.4,13.08,1198.53]",110.61491445551091,1.0,stable,huge,"Overall: moves quickly along a long, primarily horizontal path with large vertical variation. Phases: descends and moves across the scene; ascends and moves across the scene; descends and moves across the scene; ascends and moves across the scene."
zoneMOSS/cellMoss_FlowerField/Sector/Deco/mossDrape01 (1),Mesh,8,12,"[-307.61,15.24,507.19]","[-258.8,13.08,606.43]",110.61491445551088,1.0,stable,huge,"Overall: moves quickly along a long, primarily horizontal path with large vertical variation. Phases: descends and moves across the scene; ascends and moves across the scene; descends and moves across the scene; ascends and moves across the scene."
zoneQUARRY/cellQuarry_AshIsle/Sector/Main Nav/cliffBase02,Mesh,8,12,"[372.69,-4.19,657.65]","[479.93,14.584,674.81]",110.21500023136598,1.0,stable,huge,"Overall: moves quickly along a long, primarily horizontal path with large vertical variation. Phases: ascends and moves across the scene; descends and moves across the scene; ascends and moves across the scene; descends and moves across the scene."
zoneQUARRY/cellQuarry_CrystalVolcano/Sector/Mountains/mtnBluffQuar02/mountaintop,Mesh,8,12,"[433.94,42.9,145.69]","[452.06,35.44,253.66]",109.73380017114144,1.0,stable,huge,"Overall: moves quickly along a long, primarily horizontal path with large vertical variation. Phases: descends and moves across the scene; ascends and moves across the scene; descends and moves across the scene; ascends and moves across the scene."
zoneMOSS/cellMoss_Archipelago/Sector/Main Nav/cliffBase02,Mesh,8,12,"[-369.8,-2.03,700.92]","[-425.31,-5.2,795.49]",109.70366402267523,1.0,stable,huge,"Overall: moves quickly along a long, primarily horizontal path with large vertical variation. Phases: descends and moves across the scene; ascends and moves across the scene; descends and moves across the scene; ascends and moves across the scene."
zoneVALLEY/cellValley_RaceTrack2/Sector/Flora/valley_tree03/LOD1,Mesh,8,12,"[-263.36,16.131,-852.628]","[-178.69,25.51,-1051.37]",108.11493549112438,1.0,stable,huge,"Overall: moves quickly along a long, primarily horizontal path with large vertical variation. Phases: ascends and moves across the scene; descends and moves across the scene; moves across the scene; descends and moves across the scene."
zoneSEA/cellSea_SeaSteps/Sector/Solid Filler/areaCrag01/areaCragChunk02,Mesh,8,12,"[335.29,-1.16,60.4]","[334.7,-0.696,-48.683]",109.08558238832481,1.0,stable,huge,"Overall: moves quickly along a long, primarily horizontal path with flat vertical variation. Phases: ascends and moves across the scene; descends and moves across the scene; ascends and moves across the scene; descends and moves across the scene."
